epoch,Fidelity,KL_Divergence,Observable_XX_ev,Observable_XX_var,Observable_ZZ_ev,Observable_ZZ_var
1,0.2851524514060103,0.4918471126675136,0.6561535922493987,0.000486568732598229,-0.43493398552785417,0.0012578008411304666
2,0.320487338069984,0.37814921570630694,0.6728350816265587,0.0008518669849953991,-0.1838808164306552,0.002069484486266078
3,0.3251754995467602,0.29436847214314,0.26945775851034337,0.0015286769451000569,0.11206368364309514,0.0035346694651014437
4,0.34491471201591284,0.25096904444546975,0.17963578316136528,0.0018677547111460354,0.33168592067438774,0.005935566946890145
5,0.3700662918583376,0.23107950949483755,0.10414910307070896,0.002674451578237764,0.6475657762208971,0.01750312161957598
6,0.38955961564631286,0.20813712854561503,0.2891542208341235,0.0027916010094253063,0.6607794934710108,0.032130610712921774
7,0.4051835258276926,0.19546711224842936,0.27126988109360983,0.002809887411405985,0.9803413457259504,0.07215261019716374
8,0.41656119143630993,0.19101660645280566,0.335973303969644,0.0033730110764712716,1.2018191815299657,0.05057427291700489
9,0.4355285908405699,0.18002802003219853,0.34396004909230044,0.002807156609731877,0.4177506670038695,0.033310148708867206
10,0.4530741937930777,0.18061194556660265,0.4771498539794846,0.004604668104573958,1.3831661775039228,0.008981038121677033
11,0.4612251159297139,0.16711361224834262,0.481060525190388,0.011108308651061527,0.8925685008860623,0.027422090345325983
12,0.47305174935216115,0.16199140048748317,0.5284321585779252,0.007461050565583468,0.7177004427368956,0.01897673602909402
13,0.48241566712243683,0.16438400495178385,0.4652284203042778,0.005283608270383253,0.7127018789135217,0.011017597443892583
14,0.4881962188751775,0.1565841277295345,0.7328755907953967,0.029069012958109087,0.778867029097979,0.0336128923340543
15,0.4932881037966387,0.15549779433570413,0.40742482472082775,0.0036541512548234085,0.7620020624590648,0.014006458692945327
16,0.4988577353510491,0.16092666340249864,0.865516520813264,0.011130301106696716,0.7795503700368456,0.011345815069650326
17,0.5066940267026205,0.14743875788465433,0.6769501289087528,0.010703716176266836,0.8511587190750044,0.03158872338361899
18,0.5126134504513483,0.1485590725437105,0.9638868469478892,0.008364737103840584,0.9479346656647759,0.03971210377383218
19,0.5174133358512031,0.1449610241419054,0.7609356053097015,0.009858760178303677,1.1930621626110003,0.027253491282288204
20,0.5215901161631651,0.14320315554465607,0.5177244805144806,0.00892775420892181,0.9297827666893695,0.04909456791190992
21,0.5252249145379138,0.13671202622330325,1.0597224264511667,0.014042505440280857,1.081436742766543,0.011928522271485095
22,0.5258623096265647,0.14791534365311604,0.9490851365940918,0.009572188745332404,0.6370515616735448,0.028101728022022415
23,0.5313146537588876,0.13463226397652134,1.0619672506164453,0.00860147812682286,0.9971042121208683,0.010800953243797047
24,0.5367490028374502,0.13272861495359198,0.8560091039460278,0.008298526115662815,0.8796049566263123,0.012608423537091809
25,0.5396056828973967,0.1313183758093396,0.8945374884770364,0.007782024581920912,0.8930154356287676,0.014429999817835376
26,0.5472623973502541,0.13185887653065087,0.7463370325167655,0.010999692507023507,0.8586786454920345,0.015599734183583916
27,0.5482786830141465,0.133032810747233,0.6178577279632101,0.011140295361620825,0.8442931716981737,0.008867494467555848
28,0.5543119371495354,0.1253451947690414,1.0958635926529408,0.013797004695675364,1.185836490568833,0.017447187755552106
29,0.5597709817210832,0.12340547467288479,0.7588312123289692,0.006064355883784056,1.0369069138983353,0.009175576464958882
30,0.5632158771107839,0.1251190461223598,1.0221224115550995,0.005193112951130967,0.7587421748743045,0.00548463418347816
31,0.5728922644521709,0.11817473730411542,1.2523407642291458,0.011540821668731948,0.6301965428330644,0.005705262699518634
32,0.5803172788273082,0.11586981983272777,1.1059171855161225,0.012698504349967216,0.9982728641102795,0.009495277237596309
33,0.588547253433394,0.1134830234973375,0.9492305602953807,0.00303004428245028,0.6575146133746992,0.011674879216009397
34,0.5952209013573249,0.1106153047703152,0.8803739934576975,0.006017549913121243,1.0944368829646511,0.010264237856743835
35,0.602293678103598,0.10884557158789195,1.1606520989292568,0.004631564118276678,1.193287638988529,0.011175544008102205
36,0.6142869031137868,0.10875152670296762,1.056007461905028,0.0071292746190553535,0.7225015602261586,0.004519159293746066
37,0.6198238687521554,0.11222212452017007,1.0918792401488975,0.004702890766532138,1.0806268856829757,0.00360150843302826
38,0.6312469929252911,0.09925874764234283,0.9817145021552326,0.005117610812591572,1.0333190167966673,0.005813608293651838
39,0.6397585640256628,0.09853784599015848,0.934793163817541,0.006350850690228282,0.9841181308211694,0.0030501276874300575
40,0.6520141501638766,0.09295235163364132,0.9107531659104178,0.006062320346207337,0.8815657206431471,0.004605375661806591
41,0.6628788915749229,0.08991667375029162,0.9652323826628832,0.003191135004717087,0.752734261949127,0.004378505127251447
42,0.6715223250145307,0.0880481348246182,1.0065313836022831,0.003455036851312839,1.153006121220812,0.0040654220763653715
43,0.6841643078391583,0.08610825454147136,0.9240513919557466,0.0036784861510553023,0.9472670407408857,0.006579690956002012
44,0.6889079034651303,0.08457249434483168,0.8425447660562174,0.004200411029879972,0.9528494853969977,0.0026364842312942647
45,0.698743888124788,0.08117320238225445,1.108297005340887,0.0038465933635412944,0.8425652293200885,0.0025489313422529516
46,0.7055607013714236,0.08406188451598738,0.8882048004834752,0.00276445535547791,0.6814358105195715,0.0025420369666487494
47,0.7215718198419607,0.0745991214194724,0.9974534397696132,0.0031506014333668227,0.8760927308771707,0.002476007190876686
48,0.7286189176504142,0.07330838655841368,1.0936393531302648,0.0021368014681761006,1.0047920002108017,0.003572246298943151
49,0.7415021121955592,0.06799259304708939,1.0270802343397056,0.0022095812181800152,1.0015171019056408,0.0029234781375864867
50,0.7378205395979833,0.08144411819363456,1.1753976695703698,0.002060697982714686,0.914933278948565,0.002489330862162388
51,0.7524598267763156,0.06870539482097252,0.9258484637286045,0.0022977471773951777,1.0698317960139174,0.0032150456182670904
52,0.7604597525497054,0.06605224594036072,0.827448166704014,0.0019490479844395377,1.0175690396695805,0.0015877308759374327
53,0.7743928565035868,0.059069226305323824,0.9400814303536893,0.00260895727428989,1.2045165769158006,0.001829418545269618
54,0.7783203873285438,0.05933678297790998,0.9810050749650602,0.001877964954208884,0.9469607926616849,0.0019099618148663666
55,0.789023065972584,0.058755218236166806,0.9435987906305302,0.001457787564381316,0.9353070580347552,0.0016795078030974657
56,0.7937275562410749,0.05438887567080998,1.007516254312475,0.0015024690487876317,0.8876188598173175,0.002180965596202016
57,0.7929582975044331,0.06160846479696448,1.0678318229425527,0.0014416964493170288,0.9428584607325428,0.001639197001730505
58,0.8047155021299036,0.05295304092968172,1.0284329260216798,0.0019344949715906763,0.9135134723904882,0.0014310118498837452
59,0.8093642788657633,0.05191994159986343,0.9557138621467598,0.0013261093436347901,1.152766541884154,0.0011882120585707558
60,0.8196944312959594,0.04923156831347983,1.1373956708838835,0.0022035409018123274,1.0725601614150229,0.0013505992532101714
61,0.8245472888943649,0.04666719470322708,0.9328981183074992,0.0016692815951518316,1.0210308047517807,0.0016078339982199949
62,0.8275574528349591,0.04884911291976841,1.035208705229007,0.0014269150729151231,1.1622075152129017,0.001487151397431142
63,0.8334776804060039,0.04557151286444223,0.9357341076496517,0.0011325922588314296,0.8561995821926592,0.001350293091577257
64,0.8324847670446084,0.04780541076466454,0.9499031328545477,0.0010820981135318496,1.01303089257662,0.0013299158994078183
65,0.8407718124633362,0.04258070888127187,1.0715196968784853,0.0012375209757889164,0.9677589074876026,0.0014544744818008135
66,0.8440162327580952,0.041569058217119474,0.9235414213463424,0.0011295904969786871,0.8576689426768157,0.0014722878932627082
67,0.8486962225647785,0.04023196732326335,0.8661430435668829,0.0008654938393069236,0.9630917216912143,0.0015483153092141898
68,0.8411947531739257,0.053335577488936,0.9932491220094773,0.001135838991729578,0.9476512746212266,0.0010508429687254238
69,0.8560527117531656,0.038370015668312135,1.1758136919533306,0.0011529363994006688,1.127468900527477,0.0008883802626252514
70,0.8473632583997558,0.04809305286157,0.9672827173031295,0.0009920414432864444,0.9414982721179649,0.0011302563597810065
71,0.8613336604025205,0.037359100235727576,0.9141637890903459,0.0014874559839176044,0.9987816773077877,0.0013712735562969075
72,0.8646809175868412,0.03666525416581875,1.0115719021841243,0.0012951792849402839,0.9529596813840537,0.0009783313727341927
73,0.8674017649796104,0.03563765585271095,0.9204227739827426,0.0007815885347189472,0.8891480111295558,0.000905013909784335
74,0.8662495922072259,0.03916874492622681,0.9535518355759849,0.0007715502539246495,1.0593837957024164,0.0007642159767414852
75,0.8703681716045687,0.03716343964964372,1.0662277037871004,0.0012169571435020298,0.9818030205776184,0.0011741815373824442
76,0.8765605245458656,0.03379404288407914,0.9404358223615097,0.0010942116633220593,0.9244233779006299,0.0007024049807718603
77,0.8785864029947767,0.03334594247681477,0.913839616270184,0.0008282247269710909,0.8408766185153812,0.0011222713734623088
78,0.8799437833706982,0.03707581328965834,1.011633827968917,0.0007128658959589283,1.005534417105728,0.0009119128399874124
79,0.883445073120488,0.0316773658018569,1.0132811601126681,0.0012299195428531976,0.9479631310527686,0.0007637051632200233
80,0.8862797840248885,0.03106175367702915,1.0097518491382247,0.0010120596949084696,0.952204133289234,0.0006782721073494163
81,0.8881132765217661,0.032296959775093136,1.020039905241715,0.0008679368678262061,0.9632543515539298,0.0008123620677046835
82,0.8838334267338788,0.03665713952498747,0.9785383505201019,0.000784905237315026,1.004621918118519,0.0008688011015444479
83,0.8883389857758125,0.032520941674361765,1.058927151448813,0.001049768511949328,0.9638550959831824,0.0008404336239197784
84,0.8923629758997409,0.029416762156191576,0.9493115465235127,0.0007831562121712033,0.8724827502448708,0.0007620249108301309
85,0.8945041041453007,0.03173829791799308,1.2016999576815595,0.0007510830600690369,1.0100279846036913,0.0007857260488376078
86,0.893711848846699,0.030561812952610994,0.9600092182897966,0.0008222863591932,1.049448554232403,0.0006742066825549914
87,0.894635363100736,0.03131467251687062,1.0932435328727266,0.0006576690512592557,0.9289365443120285,0.0009408898297767496
88,0.900181824049122,0.02789934031064482,0.972138005379802,0.0009033468075864358,0.9994481540803392,0.0009440002674292648
89,0.9004495202172981,0.02824501152225191,1.0306043266886156,0.0006626291937743134,0.9069966091088909,0.0006779932895404865
90,0.9004503098387473,0.029476986103063804,0.9824754861058472,0.0009777133589687573,0.9050282544644256,0.0006478035355686702
91,0.9047552847441274,0.026306460770223077,0.9081236343208535,0.0006078701864333431,1.0302835988738497,0.0005693981678016379
92,0.9048239602792632,0.026840827628765853,1.0261077484987948,0.0005224655460895741,0.9833156282806488,0.0007599590209956411
93,0.9067470281089831,0.026124492582005703,0.9683445176994989,0.0007250280583628699,0.962485873821089,0.0007231812661252161
94,0.9057063182873066,0.027641544576102413,1.0260587255027798,0.0006256047180074953,0.9638965506526885,0.0006482946344425473
95,0.9078169395818143,0.02637558502657479,0.9149958508201784,0.0006945177685544186,0.912703620460113,0.0007148086426527889
96,0.9086135864572575,0.026724749623673563,0.9289116707058893,0.0007875717276926942,1.0945554915478155,0.0007629496947144978
97,0.9082270875679715,0.032622489254160544,0.9651643388273344,0.0006581003432762101,1.0269342429372168,0.0007075857355267381
98,0.9129677829305115,0.024494344631232567,1.07909542020999,0.0005887368241556793,0.9309553386050713,0.0006792028785140931
99,0.9143972200247183,0.024558431557127534,0.9601433199440665,0.00043088596669093844,0.963628602220887,0.0007206454583324859
100,0.9128352339356716,0.02553465558416068,0.9646649054742634,0.0006182276387664262,0.9895538486087722,0.0007088037165556403
101,0.9158590291530951,0.02506177218950936,0.9831073794217262,0.0006103790901438144,1.0804565333907319,0.0005750002934811851
102,0.9160935674191336,0.02425844042790261,0.9503609136519301,0.0005250618061807397,0.9495876210370864,0.000644538697465844
103,0.9177151591018602,0.02337281077338597,1.0164064464631875,0.0005000153814394709,1.0361590281697057,0.0005886027261947666
104,0.9189570923570141,0.022950842063188585,0.9891323101090788,0.0005725774184062002,0.9297531130562888,0.0007228399359658784
105,0.9165967690007834,0.025636727538127943,0.9093902061454783,0.0006526487430710542,0.9290128190037226,0.0006058937746335137
106,0.9195357683584677,0.02307616138689038,1.0144932655278085,0.000616782779166318,0.9315914275138212,0.0005928383295021315
107,0.9210968228025651,0.022411166740541763,1.0052013064973508,0.0005354213048172362,0.9197689563302667,0.000671055309407815
108,0.9218956038313109,0.02219890457191647,1.0817568061414928,0.0006178488485727886,0.9365300398610215,0.0005927619079263301
109,0.9192306409564224,0.024900392271233283,1.0540661673109606,0.0005369111108952159,0.9803632378252242,0.0006050922309877482
110,0.9227911027385164,0.022412518584845942,0.9642540592654452,0.0004392402044609927,0.9318688870172134,0.0005341889232669061
111,0.9235564867041606,0.02208090925225524,1.0436170389041637,0.0005326265304629286,1.0196561896108747,0.0006387661129341375
112,0.9245690473832262,0.021797452414082978,1.099151292453708,0.00044778814364269747,0.9336437620582716,0.0004503058151318685
113,0.9244852191091945,0.02218415888164603,1.032678814765706,0.00044314637734158897,0.9767194803110716,0.0005904650230503988
114,0.9240857790701937,0.02592283462924437,0.9311671013701268,0.0004349978871269698,0.9334390258380517,0.0004466239467615896
115,0.9259673685748286,0.021518917974496257,0.9545024267494888,0.0005234178211699948,0.9485438883420595,0.0005364985998048374
116,0.9261764676741462,0.02217315488664911,0.9909001930348839,0.0004540635383000747,0.9354855339320293,0.0005223267059007355
117,0.9241929317783911,0.024204523148379717,0.9987792851754635,0.00041452082671844005,0.9331541808199783,0.000563141133578419
118,0.9280208538102899,0.022078635367171178,1.011713445798638,0.00048372662322094937,1.0077586442884852,0.00048697432442145833
119,0.9283231862384601,0.022254902547833466,0.9752886507686876,0.00047832874754021677,0.978791793554052,0.0003903117452500501
120,0.9289858707516038,0.020569976686925236,0.9950731653540144,0.00048302603060946446,0.9158307951818346,0.0004276901488688716
121,0.9285251721372848,0.023396724303711584,0.9867550178762639,0.0004938358492538264,0.9844853797881008,0.0005254556191379031
122,0.9300518750478368,0.020253363886806295,0.9660684044422371,0.00048631941012924125,1.0004828898062421,0.00043982061340383245
123,0.9282284846790644,0.02248456978526027,1.0437959698965473,0.0006131318826941532,0.9773619656572511,0.0004957652570747163
124,0.9308898028727187,0.021213123866250863,1.0278410272053562,0.0005393090835869021,1.022687414806058,0.0004367811005591197
125,0.9315532437116079,0.020048774297655676,0.9953854015411242,0.0005434011324304176,1.051487160994537,0.0005015081504703859
126,0.9312717277764666,0.020449827041458406,1.0487859280743324,0.0003401401923982223,0.9782285218933706,0.0004480513623469694
127,0.9324624481506615,0.020753730575242706,1.0026387870741156,0.00036740503805872063,0.9834622783936238,0.0004746447986407362
128,0.9320022195997965,0.020574538330983154,0.9784903940089378,0.00037101193255451584,1.0118573614104256,0.0003675943325915462
129,0.932065171169756,0.02073437360245531,0.9807343993234884,0.00047437178033733405,0.950196904627928,0.00041931894022268363
130,0.9337323932440275,0.019500963108424012,0.9216776952947728,0.00039295846486336726,0.9904423594838961,0.00047719851452125256
131,0.9341289092629667,0.019186437874203204,0.958824284474113,0.00055639021378798,0.9951554329361395,0.00047802162575850645
132,0.9343989624029801,0.01968271912482626,1.0259456098438766,0.000508700896581634,0.9434901886476365,0.000463422149436499
133,0.934560048633648,0.0199616860511254,0.977188922277826,0.00046701465704235463,0.9373417331957228,0.0004865051949237901
134,0.9351814093591156,0.019195763324135515,0.9712567737123533,0.0004003873135367,0.9668810186017469,0.00038782034512779075
135,0.9335800487738748,0.020577484358811522,1.044063744485551,0.00033466060760425556,0.9630652093788716,0.0004773958787235596
136,0.9355542786005239,0.018899601967860842,0.9537801457885243,0.0004453841081333026,0.9987015346100112,0.00043376508724541024
137,0.9363955579866331,0.018570889447742975,1.0743724555543512,0.000410405970078328,0.9594563334640566,0.0005364474464907167
138,0.933895035561928,0.021411594133215965,0.9973917821286321,0.00041265463321452653,0.916289887177778,0.0005383075093562154
139,0.9366059997584226,0.01945589120488918,0.955062596206409,0.00047967408675395306,1.0172573934666056,0.0004322603120011124
140,0.9372030753108422,0.019041666707127973,1.0489617822898019,0.0004002157651762489,0.9493534924358256,0.0003686075001690227
141,0.9369001389936568,0.018708857808199284,0.9589920865789586,0.0004190853298451758,0.9374777882697432,0.0005641381726363815
142,0.937250010615021,0.019878476072350677,1.0310005707862622,0.0004265453494049214,1.0010446010551284,0.0005111054733627603
143,0.937596025666287,0.01841291412607102,0.9480846424198457,0.0004653713403769016,0.971598674135129,0.00031376867087558113
144,0.9377406159044442,0.018696325210533944,1.0311674523749659,0.00040976328295559407,0.9994313952106606,0.00043964459292324115
145,0.9380175070371058,0.018309712405632974,1.044891388386151,0.0004033363099554762,0.9871948691771834,0.0004351967162109654
146,0.937144870670503,0.019395784011805837,1.029480498336364,0.00046894309383472784,1.0084158624424104,0.00037451448468418157
147,0.9384056914077178,0.019359544261675705,0.9652736042628424,0.000409773263652566,0.9931597549448772,0.0004135192759966406
148,0.936151942325174,0.022872849460830853,1.0543805806585531,0.00031150192011346984,0.9295638492091947,0.00040732622747251306
149,0.9386920028873637,0.018519824508783436,0.9592588758650324,0.00039189829158302764,0.980477208553291,0.0004796525894312137
150,0.9396735316785922,0.017930438976671965,1.0632764113238482,0.000324010699079638,0.957004314068148,0.0003646427914252937
151,0.9368466450507174,0.02107133766234675,1.0285295770675384,0.000344228678125675,0.9327697075854127,0.000377644785168298
152,0.9397761471101345,0.017914877839781667,0.9272988874308172,0.0003718168834522317,0.9390696297760448,0.00033638356451884
153,0.93941164870342,0.018642074416162516,0.9499713641008819,0.0003033689147157186,0.9282610787808403,0.00044066874566065043
154,0.9397008672559954,0.018492315438793247,0.948112791598098,0.00040615445061142164,0.9751017390341679,0.00036843892582623145
155,0.9404518785319206,0.017795030842771738,1.0181014722522426,0.0003600180109033576,1.0204173203607956,0.0004923753423048961
156,0.9397696378440985,0.01869824472055834,1.0411464012729157,0.000442359513693664,1.0840834854581516,0.0003596575447963847
157,0.9414614216408393,0.017471117997320176,1.0062175869353651,0.0003960986684275576,1.0201553582284069,0.0005195537207618864
158,0.9407999529679737,0.019443531924432735,0.9352962229555538,0.00029318939661989834,0.9417347547695403,0.00033719499887741
159,0.9417780039117595,0.017933537407567694,1.0869485929842921,0.0004481267948759187,1.0250857316783837,0.00034757114285653934
160,0.9420813148938472,0.017419068843574297,0.9794487072741586,0.000329241251309244,0.9828740080560501,0.0004325215218623346
161,0.9421225357777163,0.017361921360175163,0.9849801936096948,0.00046336536860038137,1.0036213822282345,0.0003682229192965226
162,0.9427778682130395,0.01711420280643166,1.0084682745983986,0.00032914712044649974,1.027625747249764,0.00047001088236646514
163,0.9414293287627357,0.018575643196951028,0.9440603044213126,0.0003894089433188342,1.0615030428617431,0.0003945734367051153
164,0.9431275623976486,0.017666525995077453,1.1001348672176192,0.0003392512855239176,1.0190388007371471,0.0003409173065213788
165,0.9432810597085557,0.01776529319101208,1.021983416811656,0.00042140992162154625,1.0220694133522294,0.00042215141025770195
166,0.9433463270145217,0.017977411004528075,0.995386986452522,0.00038534596092921895,1.0684983969144035,0.0003799366212643042
167,0.9439692811628128,0.017033405827791535,0.9820556662044986,0.00035607984869135903,0.9257070564741521,0.0003213991320928051
168,0.9441795902485882,0.01667957055969825,1.0548492550714157,0.0003282449194148871,1.0226101994285535,0.0003671024039779602
169,0.9418329650162739,0.02126040861527265,0.9727132278975931,0.00035109873266362513,0.9527681597675731,0.00032977817252457625
170,0.9446159495356976,0.01661809182411738,1.0042372516689593,0.00035214542313946606,0.9260046776238215,0.0003533183956757624
171,0.9436715906940191,0.017497436283285633,0.9367294653769672,0.00035885101904915937,0.9288878716208487,0.0004798387710034683
172,0.944211082625539,0.016990891353901652,1.0388909721122996,0.00037477234954723946,0.9881980973600281,0.0002907789949361509
173,0.9408236603886811,0.021160169029634617,1.0229953155283735,0.00033195403213070123,1.0037742261867033,0.0003366680308332282
174,0.9446183368199688,0.017573915663739434,0.974821033353946,0.0002976938555588413,1.0029487812834903,0.0003545192893715949
175,0.9451724824886846,0.016694243665066603,1.0451354133431694,0.0003244927509267132,0.9712033489726484,0.0003027185964523395
176,0.9454079012549389,0.016488024043665648,0.9922774740533425,0.0004278064743765443,1.0142315343300132,0.0003539431816019227
177,0.9444644797170973,0.01716374896037349,0.9577118665028147,0.00033105011295289806,0.9605013727510456,0.00037922566645428517
178,0.9455337579904763,0.01658320620097821,1.0338424154873735,0.0003183955994524062,0.96751333291784,0.0003236735767921083
179,0.9441133980097125,0.019571648944892703,0.984170624059913,0.00030108188341329653,0.9707659574111887,0.00036697904757035165
180,0.9444928299280037,0.017110811893006214,0.9347950256824997,0.0002995011402102765,0.9807023445367714,0.000400278056469068
181,0.9458811623366389,0.01660713191153345,1.0482682388793603,0.00030391099663099253,1.022810301456134,0.00045032494648214374
182,0.9458754314357852,0.01678556857566835,0.9755946418644409,0.0002977864789225519,1.0396252827291073,0.0005257080178523884
183,0.9462123395061984,0.01638439733931369,0.965940308923081,0.00034498059062639924,1.0224991031451907,0.0003771914587545053
184,0.9460876473948526,0.016260386552155053,1.0083733460912028,0.0003202144439761661,0.9408005189490968,0.00040869185779826247
185,0.9461506253406246,0.016271236329521963,0.9636652447347746,0.00030863410742815536,0.9849426931305802,0.0003637893387036459
186,0.9458540276659119,0.016657228561417072,0.9843186255306462,0.0003979564357658348,0.9716283462030704,0.00037329474241603314
187,0.9465620756323169,0.01612140774118657,1.0064208767936025,0.0002665380641995521,0.9684263830769815,0.0003991718587058802
188,0.9453387728230879,0.01740059838458157,0.9545534558563619,0.00039889583233535317,0.888300636293433,0.00032384561491686305
189,0.9461070736787813,0.0166456461740597,1.0729993321662503,0.00019725351957374743,0.9562964487186286,0.0003182786348221601
190,0.9467423227142129,0.016401625685693994,0.9087605049775663,0.00030041964949066493,0.9703983701299148,0.00033103429548980733
191,0.9471817767745487,0.01608053373742946,0.991814479681513,0.00030914708537503946,0.9681050256311102,0.0003248541828753452
192,0.9451320687293503,0.018071421807800032,0.9544118324048005,0.00044265587787001694,1.012597097499606,0.00038967425462896983
193,0.9471148194451489,0.016034652538531907,0.9723744422433466,0.00027921967774104957,0.9645351539167375,0.0003129856743288759
194,0.9462465461227074,0.016992706919374972,0.9418441911993446,0.0003278189077739146,0.9385349036238835,0.00031759559893202084
195,0.946977899631521,0.016362712439124866,0.9938926083226317,0.00029551853666203397,0.9658399874649478,0.0003467015242808736
196,0.9473654846222714,0.01660413709571002,0.9904089318846855,0.00030980523598232734,0.9691965934552571,0.0003396714006957232
197,0.9469126859556786,0.016326663086978437,1.0064596204801535,0.000339676373638251,1.0269185968536023,0.00033930828661762565
198,0.9471956473742023,0.016224911710172055,0.9522471478078625,0.0003249923947278209,0.9988006758362703,0.00028302012433754046
199,0.9474978221723274,0.016020254980599398,0.9718307811949268,0.0002883055932564385,1.0479407186978829,0.0003341070802046958
200,0.9475907825450284,0.015980962004710244,1.0027302428758047,0.00033008263582241527,1.1197943165060158,0.0003611464963293004
201,0.9477720192249677,0.01589049411228992,1.0726582470052313,0.00031146669828254685,1.0999087652229973,0.00045786441560766335
202,0.947004846253541,0.016627665526934916,0.955590213616956,0.00024703144885889313,1.0330615324424093,0.00029722463179628793
203,0.9479081127030629,0.015818393404048916,1.0142613589566272,0.00032810779099461465,0.8688242292197599,0.0003508159192292596
204,0.9474096849364047,0.016262009546106557,0.9182987040539126,0.00033276665404809164,1.037309695953887,0.00041320838075889385
205,0.947415044013251,0.016262545064920555,1.010574428715947,0.00040556510919511577,0.9517286445429856,0.0002848030843776955
206,0.9477127768465369,0.016101719926671407,1.0064391622506406,0.00023863724462277526,1.0209526020834678,0.00031039274967259195
207,0.9481732734415085,0.015780178726052346,0.9957722351242254,0.0002912087532181946,0.9631426222639206,0.0003091302250185982
208,0.9480210938304563,0.016547591628992036,0.9398610288979804,0.00036063371658930354,0.9524497043721664,0.0003609371206248383
209,0.9481192824991911,0.015895667918619367,0.9482662085135951,0.0002748037549856761,0.9834594512059567,0.00031389913611033033
210,0.948332336992946,0.016017217418319567,0.973955856478283,0.000258152293084986,0.9974016164079387,0.00038779857503237785
211,0.9485479922682779,0.01589404314062854,1.0104822922871204,0.0002782739160991436,0.9892232017157453,0.0003390531064326709
212,0.9486146174004136,0.015683159537909885,0.9867801563505348,0.00033124073566868055,0.9863603210456175,0.00035179996050179965
213,0.9485447892688229,0.01612736945469098,1.0042807140315437,0.0003244442279053673,0.9945906657872761,0.0003195758154210276
214,0.9486893775254925,0.015833991136795154,0.9932758000514237,0.00034974712754122457,1.050910400080341,0.0003494971127725894
215,0.9479052211174956,0.016400980093950277,0.9412106092843735,0.00032197542673717555,0.9265196723008007,0.00035674005650095146
216,0.9481463827103618,0.016233631168850595,0.9957596550624787,0.0003670263300751139,0.9895143605543021,0.00033365880358399787
217,0.9487241413010286,0.01569504768004167,0.9554251377761809,0.0002850753956450019,1.0649457809297131,0.0002821267663660691
218,0.947578100827246,0.016922788810117353,1.0699236739746891,0.0002756416754073613,0.9570924719660996,0.0003393605915289847
219,0.9487434020772377,0.015718436481143558,0.9899035451650273,0.00028109475923452975,0.9777618578623988,0.00035811018918634375
220,0.9487483707167275,0.016309350478894185,1.0400072761351813,0.00025498188396895645,0.9694653790399131,0.0003225743391070366
221,0.9478059052161945,0.016657379503567788,1.0388629262161695,0.0003083575708979654,0.993810820099016,0.0003718725442352986
222,0.9485806282185802,0.015955206729242482,0.9332073992821017,0.00030698142396044494,1.0729714231018357,0.0003777404650430498
223,0.9490927980361933,0.015593673501259557,1.0188220473993035,0.000340520268174448,0.9226048468628826,0.0003600456006806453
224,0.9489846887782043,0.015713697659459576,1.031389666703221,0.0003729086745354087,0.9604747309812547,0.00031482815778468307
225,0.9488363092086816,0.01593208340285986,0.927830893011318,0.000327734615772668,0.9391997045193907,0.0004086663794864477
226,0.9494607035165311,0.01558385437527205,1.0022252630189643,0.0002944941338649001,0.9290865769339813,0.0004122998776267147
227,0.9496030230317521,0.015560146460291975,1.0278470491113618,0.000307341405164001,0.9973349478109168,0.00025864786016075564
228,0.9497880620843684,0.015420848895704572,1.0539253621201163,0.0003748265024188596,0.9762408435806367,0.0003187919629948706
229,0.9496445949439377,0.015480943677281478,0.9737047335271691,0.0003448781820289412,0.9692581392362979,0.0003054707305954273
230,0.949380152516905,0.0157258386911802,0.9371782218734778,0.0003196404122581297,0.9741325979994695,0.00032380592385929525
231,0.9499973122663496,0.015531979168118857,0.9397946870666904,0.00031560158269205253,1.0272346422868597,0.00032173272208626223
232,0.9500910400150643,0.015420312926253602,0.9771397632328973,0.00036086388743728284,0.9313485241871114,0.0003237577724473575
233,0.9502347071623574,0.015299493672570762,1.0071174246292873,0.00027495338828289795,1.0254594730132833,0.00026720556563038857
234,0.950293696508924,0.015260869733822902,1.0555547151465463,0.000287458416174628,0.9849241693469521,0.00031862435289441496
235,0.9504339715250222,0.015449851650897949,0.9350189228184878,0.00029524152815013925,0.918348125899783,0.00023749937440682264
236,0.9505576083195575,0.015318526089682883,1.0284678226847817,0.0002943631913819635,0.9821555382081388,0.00031034062909336143
237,0.9506378290499522,0.015297935656926534,0.9638079685824896,0.00036308405467603747,0.9496226362412403,0.0003351623456841278
238,0.9502711113414355,0.01601293966344798,0.955953153791008,0.0002470558002389863,0.9697488657408209,0.00031883503590890314
239,0.9507043733840654,0.015284841745116315,1.0347427305068535,0.000270119879657771,0.9099675940518936,0.00025615659535771815
240,0.9505286258610763,0.015243709254748605,0.9904345967413125,0.00031455389414801834,1.0105262310124425,0.00029951733163210216
241,0.9508296641418973,0.015113869861830657,1.0330808124912845,0.00028626730579605855,0.9690781178365363,0.0003827662950606636
242,0.9506835148716294,0.015225601643409173,0.9609350017441647,0.00026208630741603975,0.9999902239243877,0.0003101792154721029
243,0.9499418328806649,0.01605490520823706,1.0484432504928216,0.0003132102356880984,1.0418917566098824,0.00031051541144197183
244,0.9511267444520276,0.015050614493723382,1.018499314506748,0.0003064270435862176,1.0271278489518993,0.00033134194283595734
245,0.950530631982767,0.015551264995951485,1.0035947644319683,0.00034035581798500013,0.9418698239103885,0.00033905535536485527
246,0.9502603031958747,0.015870321905350808,0.9877082353231965,0.00031362492789238666,0.9912707087624081,0.00024390320570912003
247,0.9509446643620987,0.015204881235661894,1.0079104398454755,0.00030436624717686234,0.9791565260325333,0.0003288384207742208
248,0.9507052173902438,0.015497005708751725,0.9542445240924591,0.00030287616544393513,0.9907877203990236,0.00031241527993219117
249,0.9512818753650798,0.014998643172910973,0.991960988629048,0.00022089978919750762,1.007371192720711,0.0002674440229262091
250,0.9506606255272197,0.015607662294279715,0.9911708894084266,0.00030912988164491365,1.0171622409295238,0.000417158935552312
251,0.9513841164145919,0.014972692953517108,1.0544160034975398,0.0002937699947150532,1.0059324697907217,0.0002240469410319822
252,0.95146599279436,0.014944410145518616,1.0083055188210102,0.00023318451846629927,1.0526131229530533,0.0003764689076602048
253,0.9500857088870241,0.01631051974188343,1.0121437939788245,0.0003310746275057335,0.946602337664482,0.000280003771955203
254,0.9510715386674696,0.015304207339616337,0.9920049499102492,0.0002669304946740441,1.0372633279290397,0.00037738424606995324
255,0.9514930149048527,0.014950074803416702,1.075451256643955,0.00027485204715325034,0.9766928906161293,0.0002709337755354972
256,0.9505735687267243,0.015885697416763774,1.0114450122725758,0.0003414910418246783,1.0609993350706484,0.00030444951171790626
257,0.9483765994158121,0.018591243607853407,1.0028753392803011,0.0003834521347586306,0.9818271758556508,0.00034863132561527353
258,0.9513844073356441,0.015081973444393734,0.90697999084067,0.00023880577753401002,0.9733644439591087,0.00026163778214553974
259,0.9515596161886251,0.014978842124155171,0.9219317192762687,0.00027727561782622497,0.9570639478800946,0.0002813492878852214
260,0.951675844900624,0.014911209623927458,0.9784743293516028,0.00027801017158369845,0.9398894049739874,0.0002807514711811763
261,0.9513465177723043,0.015223480902593092,0.9318905230695878,0.0002686162863191965,1.0016547074862527,0.0002986104857943017
262,0.9515979649985028,0.014991662204621546,1.035039863486544,0.0003342212570846148,0.9618893199046732,0.00033332820521643616
263,0.9517695384484037,0.014880549812196046,1.0070280771351168,0.00024068364059568435,1.0278030335398385,0.0003286527267791039
264,0.9514347341173723,0.015149828218123421,1.0548927020620646,0.00029323294532456086,0.9500965009879762,0.0002857900544079097
265,0.9514322095719926,0.015198915761428474,0.9639635933837991,0.0002541521910287715,0.9819404685040951,0.00030114403317789965
266,0.9513225608176694,0.015339783070453535,0.9470517559635746,0.00034620918637477395,0.9810783263914447,0.00029914332559669276
267,0.9517942795561369,0.014928586138009538,1.035409534229118,0.0002564395429028368,0.9815925115354471,0.0003443309232599446
268,0.9515947850606007,0.015131142912389865,0.9605009161070838,0.00025746601410140134,0.9608561854434599,0.00031233684320306393
269,0.9520951104595399,0.014852715687481996,0.9788585520671497,0.000313098950954631,0.9984139963786773,0.0003184553887190849
270,0.9515636396366236,0.015225261052733708,0.9353133477310924,0.0002689046502239896,0.9367525239836425,0.00033597250248952083
271,0.9521235769793899,0.014790151595794257,0.9652155201619339,0.00029022250058232855,1.0007032266718017,0.00027817957317051163
272,0.9513695312045031,0.015492514399487277,0.9988381297838927,0.0002745461978840068,1.030919112956618,0.0003135371164372393
273,0.9513273490683913,0.015574054094025704,1.0365501683096603,0.0003436722169184146,0.9798508422785474,0.0003393986716260929
274,0.9518160507385817,0.015097306420789238,1.090242664521022,0.00032681194095595376,0.9878745903691851,0.00028707347329864766
275,0.9518757048084969,0.015060344190657937,1.015866793231654,0.00028825474555666246,1.0276458467083225,0.00037798591110135095
276,0.9522731844985692,0.014757839133178654,1.0778134020538144,0.00024366005260314226,0.9643641071157164,0.0002813130667505342
277,0.9519394178871998,0.015057453036980287,1.011633646185438,0.0002579950218737864,1.0622341238219413,0.0003261355226378218
278,0.9524013915468544,0.014782295769837472,1.0275020823503114,0.00030949761851483944,1.069024709317505,0.00033608196883602135
279,0.9523904288169476,0.014732578956506544,0.9254923501246852,0.0002569512419654,1.0102409328557995,0.00032730497425167114
280,0.9509926521340537,0.01617713178615063,0.9927746053772956,0.0002578793577405009,0.9516910843374208,0.0002974605743132973
281,0.952144513713276,0.014964597181751867,0.9521482850906724,0.00023789798500641708,0.9783603825115287,0.0003505334285419027
282,0.9525136432895237,0.014713100094251776,1.0133260651750702,0.0002525835394880234,0.9243347946797038,0.00024380314774950562
283,0.9522862034970884,0.014884150830336859,0.9857678425569688,0.00030251257754309593,0.9269564387939334,0.00027648756196373034
284,0.9524573977731237,0.014774388111599293,1.0148659383509309,0.0003836098877734564,0.9699368417102242,0.00035127277252139003
285,0.9525767595068857,0.01470542676535707,0.9900618123424719,0.0002787936293096928,0.9712138505139016,0.0003188468944350552
286,0.9524537076198051,0.014814046898952679,1.0050906134225805,0.00025493069645808527,1.0362614521646254,0.00025089649378744265
287,0.9527411376618953,0.014645073970297894,1.000040640406784,0.0002855333892746033,0.947158579802024,0.0002609032824595932
288,0.9526241943893122,0.014717809329949087,0.9506302564491044,0.0002820029463144149,1.0149404557160648,0.0003102431190535641
289,0.9525652678501412,0.01477430477601892,1.0649423224275532,0.00028864888327595874,0.9730198605835962,0.00031997865099162747
290,0.9528112774609578,0.014633671564689569,0.9585417102070579,0.000227966803574259,0.985686016434752,0.0003905192892965199
291,0.9526369120821677,0.014767083318886666,1.030328671356538,0.00027497946892644646,0.943615125345493,0.00030235740361598564
292,0.9528753230208035,0.014738068954791881,0.9498259025095162,0.0002077276853389995,0.9928240602695367,0.0002943509972456526
293,0.9529734237256086,0.01461483508040161,1.0493798943186516,0.00020986810587383822,1.0151648298649167,0.00033634016640035446
294,0.9524126780590912,0.015040328649042109,0.9695754404224676,0.00025524626244504285,0.9667426156640798,0.00034627142817807843
295,0.9527240168295718,0.01477164770853518,1.0459269803929387,0.00025724945366307366,0.9315325492582028,0.00027098218166846566
296,0.9524295058751135,0.015071248664014016,1.0046338925482197,0.0002507563854748836,0.9458139661178132,0.00035854176488943546
297,0.9530640170441497,0.014555675518542914,1.0037361149082085,0.0002741198269916995,0.9805499188913855,0.00026422147626403237
298,0.9528195010805826,0.014724899562697426,1.0191012559689536,0.0002682507498911107,0.9827419281723201,0.00029794967002535013
299,0.9531218347824304,0.014593477348987614,0.9400456053889289,0.0002757116412391601,0.9911370360418001,0.00033526851746683886
300,0.9527779206736366,0.014814231226429652,0.9634448671801709,0.00025333639123652565,0.9504186273265868,0.00028956298358546366
301,0.952870754001235,0.014731079342269533,0.971416139419732,0.0002689352904357696,1.0316294538863306,0.0003201758752837066
302,0.9531823709486593,0.014538390285801197,1.0250339576652687,0.0002040990583880595,1.003538822106488,0.0003400053936118876
303,0.9530959804036997,0.014567515655754044,1.0241114150671256,0.0003137594855973055,1.0197300371659683,0.0002879731906601376
304,0.9532463044522781,0.01451552260844391,0.9967554046521003,0.0003070656866808787,1.0457767148517818,0.0002830836997228423
305,0.9531342816302029,0.014576866774142112,1.051084249778502,0.00021393677892951376,0.9279584707812247,0.0003470182666245635
306,0.9532616678168507,0.014524877226620337,1.022168238232882,0.0002989584119766421,0.9869398876520568,0.00027204691218165624
307,0.953132211752933,0.014586573314441674,0.9322079018460779,0.00028547997554063633,1.058108847334534,0.0002849267041409733
308,0.9533553020530332,0.01450715047085681,0.978259312358589,0.00025497508160822984,1.0447365077615118,0.00031444037010668654
309,0.9527732062097197,0.014979130046896612,1.0634643614375503,0.00026885313684949376,1.0276093134200455,0.0002949295277184793
310,0.9526531697596551,0.015111558210660188,1.0150524142112243,0.0002637334962889696,0.9448134385783781,0.00030017026307980744
311,0.9530579401121626,0.014716060568560155,0.9829140621183476,0.000274955938919064,1.029905338836662,0.00023486506468792633
312,0.9533712204179023,0.014484918917349574,1.0239898790073751,0.0002599532699223205,0.9956767903244979,0.0002792060500266513
313,0.9532725977697813,0.01455307103199028,0.980809986146699,0.0003115598338119238,0.9674708376560968,0.0002924995065986401
314,0.9533099750290087,0.015054213451616604,0.9996609776042596,0.0003086482524449701,1.018838288458752,0.0002655855560429169
315,0.9533986501447095,0.014840953417635756,0.9502560140902121,0.0002821528458462983,0.9770100610454159,0.00022842865240902443
316,0.9535199948402696,0.014580665123842164,1.0004016954003738,0.00025873162948530167,0.9310489412132844,0.0002890586913912107
317,0.9534315301196397,0.014885603561099248,0.944378076726777,0.000267156321384386,0.9319594287686179,0.00027610511480076065
318,0.9534649631322212,0.014818942293099843,1.036473926652143,0.0003161107082261586,1.0164773126753859,0.00038839127805476024
319,0.9535701933674584,0.01451727236401522,1.04736392815503,0.00026655272012342837,0.9859946922052043,0.00034467401285527164
320,0.9535683116903018,0.014476919654139504,0.9820160559157234,0.00034540132892278116,0.9805241823871261,0.00029674907861094156
321,0.9533040810967331,0.014608242737262085,0.986842998552548,0.0002653355407965749,1.0020761642011518,0.00028684825423691557
322,0.9529607273037656,0.014979065930412268,1.0897123927620198,0.00023481296183503904,0.9636311329123769,0.00032085757939854316
323,0.953516264921571,0.014466785245101822,0.9909259319293622,0.00023612066877826718,1.064070755709178,0.0003124939671944931
324,0.9535263187170312,0.014470236922330786,0.969080334678933,0.0002318069716009232,1.0342979086451938,0.0002983843860019678
325,0.953608968092775,0.014438497891553012,0.9834760057639009,0.00025706626116899623,0.9759443538216521,0.0003372407947731817
326,0.9536795075770625,0.014439386589825933,1.0690427688514303,0.00028192720840728325,1.021197752816376,0.00038662319132007464
327,0.953606281863823,0.014444573211927924,1.0009115140051577,0.0003238455930824869,0.9150367012003185,0.00027598268415860355
328,0.9536011545461528,0.014448645055022833,1.0299965107885347,0.000222672060323038,0.981763040726926,0.00022154492552462117
329,0.9536621124167024,0.014437515679989101,1.0402638695124418,0.0002492027982774921,0.9562118794536215,0.00032446341572502823
330,0.9535934847633354,0.0144548006241298,0.9662686137177189,0.0003169232329708416,0.9587391434310119,0.00023480641422013148
331,0.9534800661407484,0.014532867943470553,1.0473992654954294,0.00028192468025611475,1.0141098579067156,0.00026227807573011544
332,0.9535358404277264,0.014494675295133696,0.9739433914872703,0.00022619112295161828,0.9805207469165108,0.0002674782167163104
333,0.9533081038378955,0.014702491037541201,1.021557461839072,0.0002576832065102019,0.9981623880378836,0.00023059661673083278
334,0.9529920246713511,0.015050411646373711,1.0018591211700176,0.00028415554128345785,0.9746593410133457,0.00026217725370871
335,0.9530867002491966,0.014947149521659061,1.002501793621142,0.00030372014736722015,1.048152491025605,0.00022619618348851257
336,0.9534423413626145,0.014597713091705137,0.9796802746961685,0.00021684706427998993,0.964809348711253,0.00029991712917639237
337,0.95359455501988,0.014487748581028402,0.9794027553668266,0.00037078462867155934,0.9508772041956295,0.00022325460814153476
338,0.953388750865789,0.014682750092174865,0.975014648537468,0.00027626491993763385,1.010848756653186,0.00026014669989110324
339,0.9535177369727905,0.014568558506504736,0.9830240048321336,0.0002948773288189655,0.9556518380792187,0.0002854760081520549
340,0.9537745608748417,0.014439873433867878,0.948089315475221,0.0003074574208081146,0.9784152513604617,0.0002555565980443802
341,0.9537784955479217,0.014417742903707577,1.0005367898485251,0.0003110045806648068,0.9638531710485619,0.0003388425749303404
342,0.9536965666175821,0.014446804501845014,0.9937691842462875,0.00025186693429849296,0.9428972345704469,0.0002611580860663205
343,0.9537358930329344,0.014429734556998648,0.9946163824745367,0.00027015081926510794,0.9270018110212974,0.00030147190206677874
344,0.9536939390866944,0.014459485601028573,1.0181862661302972,0.00024364482430689724,0.9636951708594949,0.0002608561849641819
345,0.9535591639248817,0.014577864753458002,0.9460892813548109,0.00023188143808115186,0.9425864977913526,0.00028513823538180616
346,0.9538511387337767,0.014467576943472548,1.0166610103995148,0.0003581243973846079,0.9941619145836886,0.0002789917263350375
347,0.9538798465164752,0.014473151649224445,1.034630536999649,0.00028067144220167867,0.9916056625653229,0.00024480136849830826
348,0.9535883674929897,0.014591944270359493,1.031470740124397,0.00021457210051116287,1.0429270841847231,0.00031534199250749857
349,0.953836177690771,0.014403999599715377,1.0327571078332893,0.0003252491360128841,0.9993911519227074,0.0002654291318625742
350,0.9538102139543647,0.014419411232505279,1.0328656906949205,0.00024136362555302805,0.9897760771664804,0.0002970998384574629
351,0.9538238132528722,0.014416797673112436,0.9482779068454202,0.0002821129042416416,0.9434108957920976,0.00029751132747653594
352,0.9535052722034759,0.01469141177836771,1.1034592034824269,0.0002320323042426724,0.9464857544670728,0.00030419641944259455
353,0.9539226881155008,0.014390179078749806,0.98698411974364,0.0002723071029070663,1.0040097248601925,0.0002680984605708121
354,0.9536413956159671,0.014584373533814365,0.9537423264206768,0.00024054864743654398,0.9872505218376189,0.0003277515146427735
355,0.9537511876632777,0.014499323121203327,0.9428734251588708,0.0002538078234294435,0.9511557937760632,0.00030475538093275396
356,0.9536597070936191,0.01458608977816795,0.9500712839290417,0.0003331203904048559,0.9428864383177135,0.00029854427759933944
357,0.9533588082256536,0.014906788209889665,1.002437010862701,0.00035424800297754013,0.9645447724357248,0.0002555490080104575
358,0.9538291815869798,0.014456519802135618,1.0089156697333608,0.0002432777677193866,0.9811122480805521,0.00030841420947516233
359,0.9535176750206977,0.014759451274951497,0.9380738911365801,0.00022834255065667112,0.9800969611786625,0.00034344633571865857
360,0.9538614051769296,0.014442867039282473,0.9851188906003818,0.0002977101581228776,0.9803454301425951,0.0002960977437979385
361,0.9535481640470483,0.014745463165362035,1.0162757058494858,0.0002603104113530889,0.9989182455630432,0.00029471007157547407
362,0.953811506854864,0.014495621259384096,1.0238349960323898,0.00030420040120866554,0.9746842873934805,0.00023561013160454603
363,0.9537370875728438,0.014559438885307011,1.0093481548467471,0.00023353191636610207,0.9691189335465616,0.00030281595924356393
364,0.9537105004024027,0.014590248368009226,0.9656977252229092,0.00030001383240775705,0.9614943675011706,0.00027797661577140325
365,0.9539691898580502,0.014389418261989497,1.040577839628485,0.0002408985277322328,0.951205519842379,0.00025670184475189557
366,0.9539219155812932,0.014431933621514305,0.9652480204539123,0.00024144984656382617,0.9434027913057376,0.00035341821126346374
367,0.954072703213607,0.014349348233171034,1.0657195735191602,0.00023805293332616236,0.9808718795625824,0.0002730173632651113
368,0.9540536738366926,0.014359558147808415,0.997929932905865,0.0003272048742880089,0.985424819299421,0.00032713660509998326
369,0.954146368551499,0.014344201281639466,1.0003567964853117,0.00021759815051400493,0.9376267381719856,0.000293506654000057
370,0.9540869921236041,0.01435000079237029,0.9465375414789738,0.00025207166709574744,0.9847411695920811,0.00033656166509388413
371,0.9541856799246451,0.014341322982466745,1.044136607592776,0.00029081452571755816,0.9546542897786451,0.0003160064105762332
372,0.9540381886630918,0.014384924355574528,0.9916218344054998,0.0003034763387344984,1.0091080949500415,0.0003157566840897178
373,0.9539406314442179,0.014464073416688143,0.9771245859743788,0.0002483988662633667,0.9458408106959795,0.0002538412489919604
374,0.9538543515487575,0.01454911095714067,1.0073074040637777,0.0002744070710106367,0.9475704752386711,0.00027262833894208644
375,0.9536709652262483,0.0147334009346505,1.0799073147416587,0.0002244079399437696,0.9796783751601711,0.00040827529686505824
376,0.9532427070085736,0.015209223199978429,0.9771947772875074,0.0002697510373352798,0.9727887131032886,0.0003437481597314309
377,0.9535344107604545,0.014900882098692633,1.009416087431058,0.00028733757868627596,1.0341766281117735,0.0002947986175711129
378,0.9540157804851084,0.014428777316430084,0.9848509888332079,0.0003270068991597733,0.9776381198630565,0.00027237357126588433
379,0.9542261869289084,0.01433934331341697,1.0056021834532398,0.0002801184566671599,0.9787035885349737,0.00029012427249599577
380,0.9542443539633343,0.01432394357317062,1.0137194472106852,0.00022218977856816206,1.0278669586046942,0.0002252916611950834
381,0.9541837424207084,0.014329588942105552,0.9635403590572141,0.0003401917216970456,1.0253970235009875,0.00027824183919994216
382,0.9541149425539399,0.014372645804186783,0.982022139133287,0.00029366501209400047,0.9103028803172923,0.0003223495124857656
383,0.9539671776033757,0.014502414588654644,0.96486847833609,0.0002758668394554255,0.9930283971930749,0.00031097757112364706
384,0.9541982780113833,0.014328669119724857,1.0682987021444281,0.0002938094118731253,0.9237268970027648,0.00035188301134107526
385,0.9541104966444719,0.014392197756141792,1.0245736444758062,0.00023148952064705645,0.9652837116831475,0.0002810113509898877
386,0.9540918577091878,0.014405828967204572,1.0397320180602516,0.00026353637179992416,0.9845882793232004,0.0002925307416008072
387,0.9542609479334081,0.014309355000011773,0.9433401466822194,0.00023877581836079047,1.0496970870854718,0.0002868250005531945
388,0.9539747180593716,0.014529694444221301,0.9998350431436741,0.00021012262634274777,0.9675691142648932,0.0003548655960165908
389,0.9539743369016827,0.014542108138331653,1.0039994911850714,0.0003128143630992094,0.9647341377526613,0.0002190817619519868
390,0.9541319030019222,0.014409775508328091,0.9822882273604523,0.0002813160109715027,1.0036450285663223,0.00028462149429848673
391,0.9542627185740811,0.01431546596982769,0.9601578594279384,0.00022129281987975374,0.920158083973339,0.0002605330752361078
392,0.9542280928903227,0.014340755145136897,0.9823943216636833,0.0002818739148167561,1.0467868110470744,0.0003119429406852408
393,0.9542320928939145,0.014343519031602173,0.902688107730169,0.00028973706929463533,0.9849931884053119,0.0003324034365622801
394,0.9542418658072404,0.014341257276102581,0.9817083702596187,0.00022013767938630296,0.9698740417739978,0.0002555080997289431
395,0.9543576104314818,0.014284692276394974,0.9445268120119468,0.00024822239420562055,0.9565323513996021,0.0003217660364414323
396,0.9544128588450488,0.014334064675590421,1.0105135885855525,0.0002936454927949731,0.9282789352171338,0.000281738326384615
397,0.9544010378968928,0.01429481530534444,1.0344048140848316,0.00040575476633778786,0.9981579906257905,0.0003702298418096828
398,0.9543743963711722,0.01427977742649896,0.9980818170565854,0.00017481756621023998,0.9590614789263417,0.000308205985041765
399,0.9544155567756792,0.014285036044697738,1.0392181527908857,0.00020266339069401827,1.027892623876388,0.0002852164470664727
400,0.9543891367223188,0.014278137207007028,1.0244932828710043,0.00022876569317936525,1.01037084098739,0.0002615354000979736
401,0.9543285586464402,0.01430788338443487,0.9855681541999298,0.0002509727489361813,0.9373618887972531,0.00029329619081831614
402,0.9542956364715536,0.01433327706818858,0.9847673254472022,0.000305728303679491,0.9730022173583958,0.0002924785231617301
403,0.9543751916946932,0.01428497027516028,0.9841519713368544,0.00021225426107084421,1.06434066450777,0.0002785675357143838
404,0.9544322278719536,0.01427148193741496,0.9867730152645486,0.0002952742732508508,1.0142781244131345,0.00031817253424240745
405,0.9544714068955172,0.014354205805830947,1.006600677929036,0.0002213193516783968,0.953984083111039,0.00027322262305796806
406,0.9544426677134251,0.014473113123004798,0.9477433338832206,0.0002466687440120481,0.9402988460184833,0.00023087329677281185
407,0.9544175326959723,0.01427223249102653,1.03568030819071,0.000252736590826191,0.9729597417176564,0.00033461510945020803
408,0.9542919938130588,0.014352623391727406,0.9916583924912357,0.0002444234371786851,0.9884186877054852,0.00027578852057917103
409,0.9543128991348766,0.014337893216251415,0.9895898251264308,0.00028316308189466196,0.9817226498599338,0.0002848601758807476
410,0.9544059361724755,0.014281600940920668,0.9600973550065002,0.00029763637567039317,0.9780046981662636,0.00026790169206434005
411,0.9542521032487524,0.014394001511118618,1.0450447277310013,0.00028305121373861647,1.0326925515447878,0.0002816742790790458
412,0.9542941012290159,0.014362140968520584,0.9779345565929294,0.00028752491790526253,1.0063343291821805,0.00019015576573044814
413,0.9542628916054723,0.014391252412566027,0.9994679380218526,0.0002804833668801006,0.9459832136280658,0.00030766943913074755
414,0.9541905442202031,0.014463741902467452,1.0516106395296008,0.0002763971260761612,0.9974745520107605,0.00029851769587716437
415,0.954391371998746,0.014302469554242081,1.0314361547267175,0.00025013582412713596,0.9687759042321065,0.00032539188750745903
416,0.9544688480001304,0.014266089172236436,1.0147805700703132,0.00025301318625592487,0.9598224367902769,0.0002487952257909952
417,0.9543727506534574,0.014318711259974205,1.060236073333995,0.0002496373161154604,0.9664330219788247,0.0002542935808440633
418,0.9544231604130963,0.01428761711582712,0.9981812895549097,0.00028452359668813446,0.9991374061749304,0.00026574327378826217
419,0.9543281317565877,0.014361174129250618,0.9904572936198226,0.00023929479425145966,1.0328273377013102,0.0002702753772646556
420,0.954237562352788,0.014443374486504136,1.037463883501192,0.00020420537929339883,0.985201266092491,0.0002870953379922489
421,0.9542041163925307,0.014477200540829412,1.0089663782291682,0.0002954070782302224,0.9608651281851489,0.0002447236666201837
422,0.9543868711485235,0.01432297910825981,1.0060992719033348,0.00022995903251930134,0.9344955959354236,0.00026777563174836005
423,0.9544462427300342,0.014284499850968012,0.9839226649940802,0.00028514893805580994,0.9351232382597433,0.0002390293974200594
424,0.9545213352522055,0.014254482777462404,1.0273687430875071,0.0003018980977144249,1.1119969954792277,0.00024767385844511584
425,0.9545121652540277,0.0142560526186699,1.0263887258399043,0.0002794972672810616,0.9460669827274694,0.00030589868335077877
426,0.9545256569286935,0.014253461438097506,1.00981890412837,0.0002612877748381402,1.0237867555340512,0.00035597968936365327
427,0.954495601664828,0.014265896288767017,1.0324347335153947,0.00025492145212201406,1.0202597351658143,0.00023968836273225295
428,0.9545481915356299,0.014247209266930917,1.0526731036831871,0.00022125893606346716,1.04096932393187,0.00028858641968188236
429,0.9545680789032792,0.014244793817901039,0.9759773156452998,0.00029251293613771984,0.9963935101353195,0.00032685997839777657
430,0.9544952210393738,0.014271085641035816,1.0131828501092395,0.0002540823038041205,0.9695545490832747,0.00031025714705275776
431,0.9544952125267032,0.014274188744113372,0.9718586635061236,0.00025503399491841333,0.987280685841762,0.00025925855346176725
432,0.9545668310732742,0.014241061659267924,1.0906084086261367,0.0002875073129896309,0.9918367333828355,0.00029592666492802883
433,0.9545623903959389,0.014241709145097271,1.0167969844466833,0.00030268130320418535,1.0391890130349157,0.00023712841952470273
434,0.9544741222902402,0.014296166247811295,0.9957159078852882,0.00031859223445263263,0.8999988322805326,0.00032648951420443387
435,0.9545714434309847,0.014240397231194893,1.0268695091235158,0.0002660069231893928,1.0325272602063686,0.00030596514288354777
436,0.9545824829039543,0.014237315945478883,0.9469687334281119,0.0002380221456147294,0.9317260505178042,0.0002637846657063401
437,0.9546293618717117,0.014237434192821086,0.9865391953831164,0.00024783647915655274,0.9389846629027444,0.0002561250480586399
438,0.9545931341999366,0.01423471629274701,1.0175254030924539,0.0002926333874279705,0.9933961604135734,0.00039594384502118605
439,0.9546377159228518,0.014230064007677186,1.0298261873210528,0.0002878657919255846,0.9754005341025019,0.00027565392681826596
440,0.9546005858772416,0.01423306593604069,0.985476233871363,0.0002597848493141495,1.0064949401921985,0.0003099480575717107
441,0.9545775813997567,0.014243571627365373,0.9791435307591716,0.00023364824602222948,0.9670657928709873,0.0003483627803658438
442,0.9546215503246149,0.014227390249244132,1.008845737933964,0.0002280808837412755,1.0389609153594983,0.00031627783011055084
443,0.9545835298806588,0.014242157097597451,1.0306298740497166,0.0003023464492349441,0.9500489849792974,0.00028433965290987806
444,0.9546188375157849,0.014228451170409669,0.9568530976796266,0.0002613006685533931,1.0285656397803091,0.0003079078581303965
445,0.9546262846075766,0.014225801411624685,0.9600250186230762,0.0002735604092082411,1.0020501223256475,0.0003381391046654811
446,0.9546323060921936,0.01422498049084284,1.0016294162926396,0.0002212425393218447,0.9851679404862438,0.0002617989655753178
447,0.9546309680562804,0.014226062841443073,1.0145597359807599,0.00023227149156726664,1.040332628246254,0.0002592787336901689
448,0.9545869697358418,0.014251430609566414,1.041732656314019,0.00021068126011309165,0.9676638016494229,0.0002564275007754676
449,0.9545823254357907,0.01425657283645259,0.9246662560523989,0.00024259477706738036,1.0207769095586074,0.0002977231180068395
450,0.9545558375174686,0.014280782957742254,0.9818606229649028,0.0001919681339031625,0.9367849302918572,0.00023840119477118213
451,0.9545762017324743,0.014266703215520149,0.9653131149852082,0.0002491421363520841,0.9509996414510049,0.00024382061137084857
452,0.9545412418184861,0.014294579162917369,0.9839593932819363,0.00024062104078247942,1.0292721771137152,0.00029724286136763615
453,0.9546148414241937,0.014244751342470496,1.0539471614004445,0.00019746798174939695,0.9937742846516537,0.0003387134492970319
454,0.9546848561721519,0.014213799960181992,1.0192781659839105,0.0002401478659208666,0.9839077033125796,0.0002645525534705663
455,0.9546951447272848,0.014212535271264586,0.9919226172449166,0.0002463228215599554,1.0412929656202206,0.000335986702710029
456,0.9546942808753599,0.014214903023076412,1.0237161235387395,0.00023438032501809744,0.9598075225315917,0.00036431875313171783
457,0.9546864143113195,0.014217627995571802,0.988490942294684,0.00024226654887886262,0.9517976427501462,0.0003290912130287702
458,0.9546406400634421,0.014233459711412199,1.0923189582050115,0.00022763365845059888,0.9508310656869701,0.00026262682634166476
459,0.9546648834881488,0.01422307614766031,1.0251643087296982,0.00023496652408150383,0.9468140860012002,0.000291224934307413
460,0.9546376922768234,0.014235681347954696,1.0080793813274662,0.0002956896555444431,0.9895988976929414,0.0002624610844960741
461,0.9546491372615992,0.014230513395487334,1.033552478120152,0.0002372862522863286,1.025991747679338,0.0002778861738299114
462,0.9546292109246891,0.014242490667981285,0.9447222413772821,0.0002077867396794998,0.9746497286599952,0.00026026695876409073
463,0.9546405193731502,0.01423678112597134,0.9661212781001381,0.0002396036533352934,1.0030506196051676,0.00028959422212095824
464,0.954671016839038,0.014223340648987103,0.9757843965345064,0.00021746623792211545,1.0042873768659775,0.00023643690772121628
465,0.9546881959421907,0.014217751800292314,1.0025867549170167,0.0002258655753436962,1.052465090773706,0.00026518388257282965
466,0.9547015665581222,0.014215479244335551,0.9971640626229322,0.00023660926890353625,0.9674194699928915,0.0002612859167002951
467,0.9547235538014757,0.014212794278606987,0.9741099240458686,0.00026512785003601427,0.9570269034789323,0.00023146788792452182
468,0.9547269604129746,0.014211754698992595,1.015918694537635,0.0003117576989959663,0.9496558824239854,0.0002798178624817979
469,0.9547471185014552,0.014211095513757495,1.0092928507157102,0.00024682187544700226,0.9434352597454089,0.00023709718338841117
470,0.9547599071216804,0.01421760844650382,1.022970045654117,0.00024064019790124698,0.9817230877899323,0.00031064257411032555
471,0.9547486089378705,0.014207324963382863,0.9780830201001331,0.00024233140078046083,0.9227331714572846,0.00027833379791204884
472,0.9547319403801593,0.01420570622604098,0.9859638613209271,0.00021622139183887228,0.9736480452242915,0.0002544460790745599
473,0.9547368486852886,0.0142045085869692,0.9946984590269561,0.00023647526703028554,0.965237352225564,0.00028151433478524305
474,0.9547081275830727,0.014214196008692719,0.9828277632983353,0.00020499822882953192,0.952575222545943,0.00028454540248138923
475,0.9546612364570446,0.014242379072522805,1.0355387109980385,0.00023771243069205537,0.9861144483370513,0.0003230028915749517
476,0.9545195010482161,0.014358180824851642,1.0595903021467308,0.00017974575465724537,0.9290600884673408,0.00032241299387180105
477,0.9544872375554021,0.014393133348279567,0.9972770197440496,0.0003101983762638118,0.9712464230537795,0.0003039249761424257
478,0.9544760825500701,0.014405002601905421,1.0222940014816715,0.00027334370806247134,1.0013096044876244,0.00023907405427026865
479,0.9545125040374925,0.014374061983784844,1.0042717951338789,0.00024022237157837766,1.016382355016223,0.0003183843380532271
480,0.9545175333893662,0.014371060105245581,0.9676698614622145,0.0002596908988937115,0.9211597575622004,0.00024630389556936787
481,0.9545850208627946,0.014311764683819339,1.02785791461153,0.00026068777819119703,0.9399732846434592,0.00023261475778892722
482,0.9546063671411915,0.014293715626154533,0.9515101713072671,0.0002873200159045222,1.0500247613264755,0.0002746784750662904
483,0.9546068359948866,0.014294620984056365,0.985681522926788,0.00017621295979362,0.9123407539280491,0.00017886782564215754
484,0.9546766969544593,0.014244674470459592,1.0224552296778837,0.0003022575338539798,0.9863615286563192,0.0002871257520330636
485,0.954732441604511,0.014211992952088562,1.0387445763478933,0.00023504981871022112,1.0221291888918786,0.00031400723556761895
486,0.954739923489211,0.014209592274664439,0.9833504539850898,0.0002044937354146421,1.0514708522538838,0.00030084394140231024
487,0.954656960445443,0.01426492525133121,0.9509756196611917,0.0002476023183156288,1.0337120106150006,0.0002899889528732224
488,0.9547134590360425,0.014226875180548227,1.014646614416942,0.00019164285959585864,0.9751491380309039,0.00030260845627534807
489,0.9547580719456121,0.014203126594444091,1.0172692081823185,0.00020598043268670532,0.9462644982732367,0.0002801678505083426
490,0.954678490801341,0.01425212466140719,1.0845788653571726,0.0002990935067745457,0.9139578014918036,0.0003144357772875366
491,0.9547070589292076,0.014235426439039103,1.0839517219035775,0.0002889950395919954,1.0308903067941029,0.0003031418727973571
492,0.9547685742871385,0.014201069619461758,1.0006655549724857,0.0002752739239095628,0.9409781129548278,0.0002536049303568114
493,0.9547344364479956,0.014220409537170594,1.0477623870266937,0.0002428058071733878,1.0034683629014824,0.00030927125472593426
494,0.9546951185684944,0.01424851464632996,1.0019419077648413,0.00025141834823602465,0.922564673914019,0.00027474559621168274
495,0.954737051302551,0.014220629816652076,1.04078159953342,0.0002958526038154972,0.9991268534902554,0.00023690827069752755
496,0.9546924189828351,0.014254423516837922,1.0257890791251807,0.00022602003758022252,0.9584392229160542,0.0002578625390526415
497,0.9547799943663648,0.014199442685123001,1.0371233885856068,0.0002459235743587824,0.9989486267121124,0.0003109106543456133
498,0.954787162210952,0.014196884131628538,1.0126290446104167,0.0001691717053135182,1.000246788035858,0.00031008840172861877
499,0.9547332559604116,0.014228584641994637,1.0276331583823788,0.0002806093786110501,0.9586555748828602,0.00031524095437993174
500,0.9546865672077461,0.014264130032412621,1.0215437682511344,0.00023077317777439498,0.9943992450405094,0.00024909271614381023
