epoch,Fidelity,KL_Divergence,Observable_XX_ev,Observable_XZ_ev
1,0.2555338045013338,0.5167303651766909,0.3494889498986478,0.21200090480374373
2,0.2629527928737856,0.45861977223240646,0.5149342652506371,0.1310739843398152
3,0.3030514691060379,0.38441330818851366,0.5705780550973197,0.00027892455329736534
4,0.3746462125728157,0.306747632917886,0.7763253412068569,-0.07812386168278476
5,0.40309637262298414,0.2549719152105052,0.3725834752238295,0.04852004277050985
6,0.42661532323999846,0.22116103244810217,0.5859732819073025,0.21957118812710621
7,0.4476619274098086,0.1982679355675524,0.45586919831180894,0.22993310087914165
8,0.4649262792955758,0.18136831011464982,0.6530077777050477,0.33703874503544934
9,0.48287424951937713,0.17756305438958656,0.5195526099502144,0.17153843922287243
10,0.4950074330502654,0.16115755229893136,0.40456864248548485,0.14244127185613153
11,0.5043777088367166,0.1561989665820075,0.5167155008558929,0.2690023353409056
12,0.5150814561901271,0.1513315769614877,0.5138197550343148,0.10500428288404198
13,0.5256677935587527,0.146346685379533,0.7523134665711185,0.3657777816017351
14,0.5342968390492163,0.14899414271307931,0.518841120340774,0.16643298919097263
15,0.5453965403501542,0.13560627154256005,0.7739437981353174,0.15431363206092097
16,0.555966736939822,0.12827409784567337,0.906343396616955,0.06875981806407697
17,0.5644246469296212,0.12744975454385818,0.6127159739303728,0.12692294035535745
18,0.5783942802149533,0.11980108792802015,0.788095101101246,0.0911185113670718
19,0.5900531102729566,0.11793658771725535,0.7046953447976787,0.08023874272228261
20,0.6029542475071075,0.11468485374695038,1.3466709030488053,0.08004936327870393
21,0.615318679871884,0.10595283150647922,0.9929284572813792,0.09354239633014072
22,0.6286752781837422,0.10245494072568452,1.0148677375211685,0.02616953385253126
23,0.6402284381124622,0.0996857555857216,0.9914902940758493,0.036651464562283395
24,0.6524265377630397,0.09405924083046363,1.0270228474694247,0.09042386759341364
25,0.6664615084184792,0.09075888981800459,0.5932762824892263,0.08383042514954114
26,0.679315329695628,0.08558900548445507,0.8952014265895604,0.05184770695382327
27,0.6927512295340019,0.08355173170206424,1.2416226773219419,0.03159288334023706
28,0.7043988937321447,0.08125037247970125,0.8531089386796747,0.02372269410856008
29,0.7173126250720164,0.07427183914567949,1.008578245257299,0.039292746285984115
30,0.7248650336057042,0.08269598730430186,1.1882864182415591,0.031449040792279954
31,0.7417503876515188,0.06773468097836924,0.63244484831339,0.017638118740898743
32,0.7511608929993435,0.06715180720102713,1.0564630163045594,0.031999829708389514
33,0.7634271212985916,0.06358178850379209,0.9252853569405813,0.04221170947439006
34,0.7670047064296713,0.06302123071364218,0.790623472758264,0.01839912454106333
35,0.7854194534608405,0.05551230369127137,1.0520059872693164,0.017767481406639227
36,0.7915265580933131,0.061961393315372836,0.7358881723230905,0.028404099347030903
37,0.8066554648404678,0.04916134395421506,1.1724243234102443,0.03854311350948487
38,0.8136297179109624,0.049750032052707165,0.9881475820686874,0.03660168789833923
39,0.8228692339824574,0.045381482588791044,0.9037269909215918,0.011006910384122784
40,0.8234157316552835,0.05626790233614804,1.1393156258037813,0.028126211133623104
41,0.8363755762820517,0.04272150855068703,1.5566842470510844,0.021328014145815567
42,0.8436238940245854,0.04041736846863994,1.0848775370488357,0.01810484929106128
43,0.8487350494767905,0.03851944408327493,1.076699563958406,0.025390289469630005
44,0.8570031322408157,0.03560937808636841,1.0040800894664454,0.014205812717360704
45,0.8626830720929048,0.03464938349621727,0.8308418688403161,0.021600444852301625
46,0.8671907519584526,0.03333621940697503,0.8946079279123269,0.03170277667864289
47,0.8708899226120935,0.03368345252556913,0.9214659880291362,0.030868770252560945
48,0.8741207708785612,0.03490475108540939,0.9254287332482001,0.020522940638998774
49,0.8783310626912667,0.032839326929031416,0.8868945367571334,0.014137443567766144
50,0.8814725541605783,0.032479980413688304,1.022451188459462,0.001823841766623369
51,0.8835701857652678,0.03467592404270751,1.0079992259228296,0.01258255046502729
52,0.891445297448687,0.027995308363628166,1.2572564275932223,0.03278875815056085
53,0.8958383591913142,0.026154611677627386,1.4295469401637229,0.025563839994280482
54,0.8939578412314062,0.029597515837640462,0.8469461871833661,0.036030883755317863
55,0.8997387007054819,0.02567222646204084,1.1161323160901373,0.006259228096283298
56,0.8994293159477196,0.027428536729292782,0.9437366677275392,-0.00236661094799551
57,0.9032312297779215,0.02775827460595949,1.0050041101289118,0.005640625164179404
58,0.9002100350947722,0.029615532518169826,0.8528866864323427,0.017763032633752115
59,0.9088430102256694,0.023722349752813683,0.9174144644661262,0.00010511191486263825
60,0.9096690903756719,0.025257163394398888,0.9369255603785326,0.01381898184743792
61,0.9117756786317684,0.022802031728756795,0.8752921091667262,0.002262324338157159
62,0.9159948164778571,0.020611697986711648,0.9588077836933734,0.027733652633404545
63,0.9141955977511574,0.02292675084584956,0.9176803651577119,0.004854291924909106
64,0.9196596661630135,0.01969190802388565,1.1551862756865965,0.003534621753509328
65,0.9205992886387132,0.02012409354071381,1.1805950463059258,0.007081464051421357
66,0.922381205907252,0.019109478177347552,1.0340520868265335,0.013753515768181535
67,0.9234332811884625,0.018735320262082935,0.8945018328200357,0.009737850694763316
68,0.9253503590931387,0.01889975738355576,1.0635131694259055,0.00914938601130197
69,0.9240358272294603,0.0224863117953465,0.8440988881197519,-0.0003767303779633063
70,0.9272843710868786,0.01989056654140416,1.0155651819834084,0.005483091754325465
71,0.929401441179656,0.017307741905300378,1.2258077219758083,0.029769201403032925
72,0.9314359275783154,0.016638389214490196,1.1591296198756358,0.006926201916353589
73,0.9321471295924464,0.016877033020579857,1.0636411839555602,0.007408666195983106
74,0.9328620411323811,0.017446449659242604,0.7710254978181873,0.007148483943783475
75,0.934341137678596,0.01672579916512651,0.9662571061151677,-0.016823698243887675
76,0.9359889857786325,0.01564784104487429,1.0357718448981368,0.00976595441400531
77,0.9324104695646173,0.02077711499697701,1.0122856940017944,0.015494192325158583
78,0.932094756355919,0.021974391674564275,0.9348342164414417,0.005249567174363676
79,0.9380027447411667,0.015002526000724579,0.9191927634963051,0.00809960723709834
80,0.9357956889921277,0.01859874034809054,1.1587026089100319,-0.008076874193154086
81,0.9395877700500166,0.014833356303619236,0.9357629056224652,0.0034354651647747403
82,0.9378028721572896,0.01718468977785385,0.9254918830165533,0.0028678003496493925
83,0.9400744455964481,0.016484998354945005,0.8721980371712955,0.02612302940022353
84,0.9396213910837213,0.015934878584314305,1.1222262363762003,0.005345996196716427
85,0.9415570705074147,0.015661815168249976,0.9400805859944095,-0.0042541699102077385
86,0.9438953136183745,0.01333466039205495,0.9304809642643902,0.008895772734918784
87,0.9420864185887414,0.01667011863202465,1.0646390641079364,-0.006436710663633974
88,0.943420264684291,0.015282486490808914,1.1652460144274572,0.0019666454037630156
89,0.9447637710054618,0.013370002223408006,1.1623033070195368,0.012441438951935401
90,0.9439171566999182,0.01609628262891094,1.0813587206167679,0.018791515119068253
91,0.9468572158606513,0.012550765782482721,1.0122992277362155,0.005142514084574581
92,0.9470859077139202,0.01262660064446323,0.8167438889983489,0.0072601964533859946
93,0.9478771894748865,0.012360495530488014,0.9874141882296401,-0.0013102419019336102
94,0.9481985350403439,0.012408467629157371,1.0015367035774148,0.002160204523904392
95,0.9485581449264362,0.012629491776714364,1.08289827007346,0.012239621537524245
96,0.9486361803772111,0.013111659322175407,0.9186677562952221,-0.01496655987086579
97,0.9437546757589158,0.01786200201297652,0.9601230711887614,0.009960874533180907
98,0.9497125586692338,0.011839240712979445,0.9667982133741422,0.0038202337668068864
99,0.9488955019446309,0.013208573394412282,0.778409759084036,-0.000490923426805979
100,0.9506117315462475,0.011914149344603442,0.9966843331605034,-0.0067467903116159795
101,0.9511092867832183,0.01178669716297213,0.8318283616656117,-0.008433578270792778
102,0.9508376164494894,0.012105512545057885,1.0090086178275295,0.008166961374412834
103,0.9497232029921865,0.013553192323253607,1.1233991424320329,0.01365975696905358
104,0.9513202386883525,0.011737059229648702,1.0343127859566434,0.017247509263424804
105,0.9520755628064222,0.01131742940702555,0.8249764870670243,5.788790087467905e-05
106,0.9519771226473858,0.011659665508584981,0.903358465411301,-0.0030285560500287237
107,0.9460698576812676,0.02064192617092094,1.0920417778260547,0.012980892388123109
108,0.951802388240311,0.012475442497385636,1.0668129469546688,0.0031447942316684798
109,0.9530022345130685,0.011509538997454957,0.8840383663509127,0.010067332995924052
110,0.9505191056053308,0.014018341639373223,1.1137401318816311,0.013984559022572726
111,0.9528604792688602,0.011806164221679584,0.9693639893993006,0.02046287574541953
112,0.9533456045980138,0.011545384673594684,0.9662604399618974,0.01637409754047366
113,0.9543267647391024,0.010915453493869662,1.0983266950937471,0.024193199096816033
114,0.9531746368656016,0.01301524920648388,1.0114647199848472,0.023688025265937458
115,0.9552445629050964,0.010636043395418114,0.9984509593697625,-0.0004391487221408749
116,0.955182439493359,0.010769797784545516,0.930920378879526,0.004452766252761283
117,0.955548196471863,0.010940706314042894,1.0399678067066127,0.011683621893350643
118,0.955978857766049,0.01088579554959215,1.056007049766114,0.005285746534411202
119,0.9548305889085984,0.01267853037455782,0.9286323580739618,-0.010741404481501704
120,0.9571513102012768,0.010056400753739826,1.0321501062988263,-0.01032765713894149
121,0.9563030591744852,0.010663516814318874,1.5066838380359378,0.009643730760703744
122,0.956995963209467,0.010337548303796518,0.9182694984647729,0.02188001375396977
123,0.9569764837296431,0.011158087526564282,0.9669545938218929,0.00899311917493053
124,0.9580036968388759,0.009853610053369759,0.8836731137755918,0.00472625658901517
125,0.9572147383357388,0.010863876231187848,0.9400274372066694,-0.005680788362639529
126,0.9576452711123076,0.010597605790047501,1.1760311783972008,-4.2235896456452044e-05
127,0.9575492446266753,0.010287611979033447,0.9358108173834103,0.01504072477549418
128,0.9530416118319529,0.017455143392355557,0.9926173876908954,0.008606891322311053
129,0.9575282062828476,0.010703077480962208,1.0331856663677192,0.0007250316163522746
130,0.9587698185610922,0.010053752366486571,0.9609093643083811,0.011735912430119979
131,0.9588315465691124,0.009802119894748305,1.1435227507509442,-0.003960323560841651
132,0.9553621036210816,0.014699609971739198,0.9253224850256053,0.009807812441226648
133,0.9596279608985137,0.009477200631864104,1.0610873525368452,0.004900596088141871
134,0.9586882408593104,0.010303811728189763,1.0209462062389953,0.012789548345246387
135,0.9591906097569167,0.009867697920556565,1.143381145240335,-0.002884542699846443
136,0.9596534595786024,0.009953676546788495,1.066487018103523,0.0010942213373233793
137,0.9582436238563892,0.011625398588643952,0.9693351578160792,0.0040821740379139325
138,0.9600885075582355,0.0096159242336357,0.9589236065213117,0.014908263275073339
139,0.959867343840014,0.009754346433172892,1.098170446076069,0.006332324921462497
140,0.9575618358034461,0.013429681736171293,0.9707421472712455,0.008174017659206594
141,0.9608897321048779,0.009178195822603053,0.9041508988554735,0.01082846809637046
142,0.9607525370134187,0.009290182729989667,0.930406695920214,0.01097568633206993
143,0.9607320205545652,0.009285599057800575,0.9376376824245137,0.00522349564342394
144,0.9599656696577362,0.010313381853928926,0.9850347078225167,0.014441121764167682
145,0.9609519325958102,0.009252251523355638,0.8798571652984601,0.015909960123218825
146,0.9610851130750342,0.00935767819870307,0.9976934026394458,0.0004759758037522072
147,0.961078014627679,0.009286179807263366,1.1186308724174279,0.013835596826257067
148,0.9615137321920024,0.009017237599389796,0.9650266964966834,-0.0013001033165364027
149,0.9611005183087743,0.009791723310802235,0.9354812718567175,0.017329078127108467
150,0.9618666414889557,0.00890926010122327,1.0443162351412714,0.014458718059657283
151,0.9613230568166893,0.009767687469875922,0.8863758361184477,0.0281654345622567
152,0.961978500597778,0.009054980326822984,1.0351072572171016,0.007643094630111225
153,0.9613737018950641,0.009794370109016785,1.2067570584171552,0.0019353039067140161
154,0.9614973266469062,0.009576524550981977,1.050669645795141,0.008000323221874599
155,0.9593845948463484,0.012594852375592103,1.0154770166852716,-0.0005404712786807288
156,0.9615283575630585,0.009853094891851107,1.0738130571935054,0.0049226294128613
157,0.9591033834748677,0.013534018307361931,0.76424745344822,-0.00903971738232719
158,0.9622062163598991,0.009161750035135245,1.0350594095198151,0.022635872552512253
159,0.9598266307503599,0.012703232236086208,1.0156971905563663,0.0022507931287361915
160,0.9624167811226443,0.00918574410192917,1.1125923586996342,0.011968576407582874
161,0.961923400733955,0.00952845249832653,1.18723263834255,-0.002014223377880287
162,0.9602774820623533,0.012142860302410297,0.8909197105705129,0.0012691899251498053
163,0.9618281720243902,0.010320657636458112,0.9109012481206675,0.00821261581313859
164,0.9615401818363902,0.010942921015037391,0.9404023743441781,0.016410001259051413
165,0.9631542555485164,0.00894790652452557,0.9346748507366194,0.009770760769339654
166,0.963325587767264,0.0088280671899346,1.072640145035146,0.01914250455255956
167,0.962742663091956,0.009499708862723702,1.0028874777497492,0.0010988510853721719
168,0.9637383451169551,0.008432799461424155,1.0669854468988154,0.01382081677860109
169,0.9630855311626694,0.00917444759638892,1.0262772154346904,0.0023435480265720154
170,0.9613105178024312,0.011273496531375648,1.0701333881260748,0.008688605868438837
171,0.9586688177040423,0.015187545131542437,1.0915877152041915,0.002192290056461872
172,0.9625582539585149,0.010152213383873041,0.9547857602979789,1.875271891413602e-05
173,0.9635369204963372,0.008854334237691504,0.9334484595224308,-0.006225807410792221
174,0.9637345060520804,0.008665080008857597,1.0602486296165101,0.0009990479413584123
175,0.9637673341083282,0.00853986315366928,0.8354874058097377,0.010372002865158233
176,0.9632315485450119,0.009627814042602822,0.9414368716720176,0.0021631853604971757
177,0.9633928807321079,0.009056285560818758,1.116542031634599,0.0026574445675616202
178,0.9639964988981587,0.008677541757630074,1.0612652980883812,0.012482495190859047
179,0.9631117823384978,0.009907690701469277,1.0137215127056056,-0.002113348527745865
180,0.960855261929941,0.01302588401492508,1.1463011773729033,0.01446862812794913
181,0.9642073101761328,0.008511118888404785,1.0665118814691215,0.005233113955373329
182,0.9638328735456267,0.009146338714557192,0.9332670416365745,-0.004656809341338664
183,0.9640291937057565,0.008999671543837863,1.03319481349205,-0.005544133475308307
184,0.9626802168422143,0.010843214442372783,1.032975811800267,0.003907620436046067
185,0.9616305244275863,0.01252254668931458,0.9360828825858976,0.012036908138044653
186,0.96411503391744,0.009124135231112131,0.971622075245023,0.008937640915621953
187,0.9639436119978748,0.009189399775394964,1.0599331081510535,0.010504570400780676
188,0.9648086985973436,0.008323266553387653,1.0106181407852242,-0.0008426593877529303
189,0.9628442707258934,0.01108588524701595,0.8829420148605456,0.009830889445636218
190,0.9627415369766069,0.011215566158593192,0.9614720847659239,0.01660027833920338
191,0.9644340831234057,0.008767999168933449,1.0328059113472445,0.008792223578286974
192,0.9644887713394599,0.008936584736793004,0.9086655317097656,-0.0030230714128027998
193,0.9642944160965132,0.00918805785627118,0.9663826132366693,-0.00726461586953446
194,0.9645109835336482,0.009068530691244346,1.0513255812279452,0.011476447111446823
195,0.9632995456063623,0.010775794161994626,0.9637164682461764,-0.006784162330783699
196,0.9653355402703971,0.008119820632482115,1.0321371716984018,0.009635652316638724
197,0.9647704072062261,0.008919161046962233,1.0705843896026965,0.003765864355867127
198,0.965583150476788,0.008018068062560866,0.9053829038028252,-0.006143037023149655
199,0.9652971777154462,0.008339579898709914,1.0608747948473447,0.0069935141409400775
200,0.9642169358016318,0.009879576247748885,0.9931863028776955,0.00982859035980314
201,0.9652257024592662,0.008469453797344194,1.0580205066653419,0.0022091418260800637
202,0.9655288168987306,0.008040585053013182,0.917396436230785,-0.004495815746358314
203,0.9651316036845381,0.008558134086912762,1.0545184629858262,0.015573387731977757
204,0.9652306077191207,0.008524419587823042,0.972511147451003,0.005199723863596977
205,0.9650395160312721,0.008908611017815236,1.0321272971171698,0.003377473017781218
206,0.9649139433004662,0.009163855505081944,1.088270147586934,0.0049814365469323454
207,0.9658003273520245,0.008048330170468639,0.9092244587772557,-0.0023260075688927686
208,0.9654988620772698,0.008667420945011717,0.9666248773166956,-8.144141718865875e-05
209,0.9655976065331453,0.008539789580489423,0.9663640721533595,-0.003442500852193233
210,0.9658429636835976,0.008140933349317894,0.8904829757158046,-0.006705467132843725
211,0.9660348023843225,0.008152973813973952,0.9907665834370848,0.004395726805690172
212,0.9662397030666321,0.007972741749618028,0.97172847274816,0.004283234870615731
213,0.9646731215203407,0.01012138163651271,1.0065115675908332,0.0015938224442249482
214,0.9653105526685947,0.009315057200334962,0.8632086409738494,0.0019979192452598796
215,0.9662622731171807,0.0080820896372426,0.9388264456573272,0.0008495789202395018
216,0.9664100896541807,0.00790608892314124,0.969571728585682,0.016808372850393275
217,0.9665468101899479,0.007800605459853788,1.0234643724857466,-0.007962286940612734
218,0.9665480605588246,0.007962423199408443,1.0935997064904306,-0.00744281339738811
219,0.9666844992963682,0.007815361451630322,0.9674009373560927,-0.007742304362878969
220,0.9656583385788458,0.009128211193406602,1.0087122760544647,0.009553806149149142
221,0.966172791775864,0.008539202343667143,0.9798144389153759,-0.0011095247360698704
222,0.9641090410095848,0.01161299562000796,0.8899671667191879,-0.010369802063965053
223,0.9631688735356836,0.012931395801841907,0.9017701480091335,0.008055289183296361
224,0.9671683709567483,0.007710038061234381,0.8917487550085428,0.008379449139577031
225,0.9672542909890997,0.007625549958616455,0.9887524141778897,0.012500490327609949
226,0.9666406877576906,0.008484125136301998,1.0494676870829602,0.0004629472254111904
227,0.966803462198382,0.008251297811000301,1.0317909802694536,0.01070008056067454
228,0.9666464633748925,0.008493259779171295,1.1230163012547785,0.008664908485072655
229,0.9671447053808503,0.007759846997020481,1.0288316860965798,0.0014027542968960206
230,0.9673404405695925,0.00760427203845393,1.0305051053754433,0.004698388589954384
231,0.9673540927586656,0.007617583211249933,1.1021461189218138,-0.0017747024285241022
232,0.9673928784474208,0.007628312083409268,1.032711066811638,0.0013572179760210292
233,0.9668832660478428,0.008392624022910078,0.997683569178109,0.011759827751139283
234,0.9651569355493845,0.010897550788522725,0.9435865976465045,0.00747716762575868
235,0.9664693024416579,0.009161217766769196,0.8890627384090269,0.021904728520865425
236,0.967714477661694,0.007537774516614748,1.0211428073274482,0.006953062056129571
237,0.966219022195085,0.0096547333320678,0.9987891384200219,0.004638577698891283
238,0.9676807882263505,0.007730031692247088,0.8514695851981289,0.006926233728378659
239,0.9676476615967541,0.00773842985184461,1.1090062554441167,-0.005175164594349055
240,0.9676236416594154,0.007689853169740135,0.9402551744716924,0.004116031514378354
241,0.962619131214057,0.014511438837827288,1.0122573917284718,-0.003816094642238086
242,0.9634851776667305,0.013404345662396431,1.038408157091639,0.004024949401744396
243,0.961589718199867,0.016158495660795722,1.1533785132536944,-0.006773695154986744
244,0.9663905382820108,0.009592396106013689,0.9879336458698363,-0.005245157902966996
245,0.9667683347450987,0.009056338118283004,1.008138230147872,0.014462392704935045
246,0.9661565236721865,0.009937242487379434,1.064697970526756,-0.0036776132206532085
247,0.9675830883024747,0.00809457621737153,0.9001020471920991,-0.0037519709799831097
248,0.9661449913727046,0.010060414238559892,1.155957700698865,0.0024433462652104455
249,0.9680479075439526,0.007504473342560942,0.9723832780402392,-0.001607074739800448
250,0.96720754457319,0.008672867733284066,1.0131074054642693,0.003317489437788846
251,0.965630504336879,0.010830706476284282,1.0584955100954456,0.010381532199439825
252,0.9655740575495589,0.01094046222538414,0.9945594840358883,-0.0030602737935354852
253,0.9661955223254812,0.010113417196014675,0.9175862529491805,-0.0021591754923301243
254,0.9678365537708147,0.007939933013108073,1.006360105560166,0.010050924585430287
255,0.9670527399362899,0.00898272662332865,0.9268237199953396,-0.00018453561739108085
256,0.966983733523131,0.009062395095697999,0.962762204262597,-0.0011536943194867123
257,0.9675477917007387,0.008267739283490968,0.8739775186479686,0.006845005880259846
258,0.9683172170481928,0.00736147409487859,1.154081341982086,0.017424709552892746
259,0.9674611517346501,0.008511070262030586,0.9446548662330204,0.005797552012285477
260,0.9670371757742603,0.009164236764040705,0.8610895250706477,-0.008063399552984482
261,0.9675082397294232,0.008556954866724205,0.9883972598393074,0.02378636617228784
262,0.9683562851939397,0.0073811283243910225,0.9680490937346052,0.010303982248985304
263,0.9680961174577747,0.007819386837558883,0.9936499717157189,-0.0034137530246070203
264,0.9682743858816399,0.0076731290195874375,1.0758992919727557,-0.0007020799043290828
265,0.968153941253467,0.007835447177840226,1.0129354742574987,0.0006203330650208808
266,0.9678009718570293,0.008344697432913007,0.9765246132651821,0.004970127943729949
267,0.9679833425579724,0.008153075808958398,0.8533479627454595,0.0015617934073556394
268,0.9675751885485815,0.008698695373409135,0.9892181320988154,0.020491867330321035
269,0.9684411209560843,0.00755220800620081,1.0978675414298387,-0.0021873784393172924
270,0.9684597685539443,0.007533325511489207,1.033758482596037,0.0022544529447112364
271,0.968513552076951,0.007440252106071823,0.9821881369329838,-0.0019597792226536894
272,0.968536267195066,0.007402786626830323,0.9092881328503208,0.014128088375241175
273,0.9684157273794561,0.0075844983884191496,0.9229948200956006,-0.0026069389850656714
274,0.968368785885678,0.0076286855014003774,0.955204539908259,0.013520141781023787
275,0.9676041133041248,0.008704765588486318,0.9753384944108137,0.006162400950250681
276,0.9682246931291913,0.007870270005327855,1.0710020633908024,0.0012670648782602016
277,0.9667800684599985,0.009879781820205276,0.9452018671008338,-0.0038440736549059905
278,0.9677035198943615,0.008559168062570436,1.0060604641362185,-0.007725983037171109
279,0.9673782384117846,0.009066608509823734,0.9546487597430283,-0.009143896816326916
280,0.9680379483395657,0.008160359271355437,1.02619807945873,-0.01631617638806707
281,0.9671320374009251,0.00937481206200794,0.9427393287577385,0.005347039933136135
282,0.9677796027182346,0.00852641290831001,0.9561064338459431,0.002381181301684961
283,0.9684358127023397,0.007640493782492196,0.9838998778711617,0.011121274118836644
284,0.9682047000323316,0.00795706823944373,1.130690801185933,-0.002679022039505938
285,0.9682382555895674,0.007951166552474928,0.9747734260007745,-0.00048324161971483476
286,0.9686554177017725,0.007331884373960546,1.0098024507501706,0.00764512968354399
287,0.9687203513154193,0.007299374469803419,1.0001199470212898,0.0035287061509560427
288,0.9678997272714518,0.008413302342632982,0.9984661303130117,-0.001940018146959506
289,0.967924236342475,0.008397736629952345,0.9467225649161357,0.01942621576809571
290,0.9678586635892376,0.008529211998071131,1.0512773071881247,-0.00016010724873198723
291,0.9683114901498561,0.007950631544119112,0.922609745315711,0.007404256058773079
292,0.9680480470099282,0.00833121796597416,0.9616862167498643,0.01187141492364233
293,0.9668995958700823,0.009918572030460883,0.9774493540891882,0.0023506057104576445
294,0.9666019067249845,0.010347254983495905,0.9718191763561077,-0.0002518430982171398
295,0.9673981911706585,0.009257821870330763,1.020349052462504,0.011996789163870777
296,0.9659270206506324,0.011311432664988427,1.0663045702106124,0.005243765718817016
297,0.9672229621522493,0.009524554763517027,1.0246876830694,0.004568847145243405
298,0.9680385599598963,0.00840287358558536,0.9710263395195418,0.011653817166355605
299,0.9681657783877333,0.008216948386046042,1.002588098216262,0.00153821835864902
300,0.9688248796213523,0.0073089026045210686,0.9995061782887767,0.0012538252826217557
301,0.9685527541028894,0.007671997351501332,1.0040218972612174,0.0016894202004950826
302,0.9688174339621787,0.007327936630757148,1.1377003173956568,0.010486809448295196
303,0.9682846375703728,0.008058441720944116,0.8453724509351753,0.0064665437809087395
304,0.9685329891983496,0.007736487769108143,0.8973095284915854,-0.000970383690087763
305,0.9680420853167047,0.008414709210078067,1.1081866388486512,0.0036926469537839515
306,0.9684838775971885,0.007810548597572427,1.029755151416866,0.0030174127542132224
307,0.9684010708970566,0.007933884874646833,1.0064744935687646,0.0004988130377070044
308,0.9680169301466457,0.008458391641880817,1.0871795665971336,0.02275746680436589
309,0.9677472044491857,0.008838892226465944,0.9833818837043465,0.00023527424093507186
310,0.967809720393214,0.0088085394039191,1.004020086243171,0.00021802732846737315
311,0.9681490648113552,0.008327822628612029,0.8327407047647243,0.0032613409111200246
312,0.968380934628245,0.00800226570080114,0.9414732965004122,3.815882831474472e-05
313,0.9688183210136556,0.007396224880163128,0.9961449702541376,0.01126379126922351
314,0.9687209327004875,0.007517092020663073,1.0310174922594706,0.007316328883430871
315,0.9684764424287424,0.007848690313076112,0.9400824425452482,0.00705683834800024
316,0.9688246538406995,0.007363692775079065,1.0633825439186504,-0.0022016180397157574
317,0.9685578033580742,0.007722307064329834,1.1146132115051937,-0.007917561219264253
318,0.9684834514110969,0.007833268167754882,0.9260292035444252,0.003522007827528449
319,0.968014401549331,0.0084685024884859,0.9351502699890958,-0.00648412104239276
320,0.9674634831159199,0.009254887531174698,0.8661524274117686,0.005039747434884815
321,0.9682625119033277,0.008165270258026047,1.0005290145721994,-0.0006887578160754025
322,0.9686613334772366,0.007616762046474694,1.0648624497752897,0.0021913882956143254
323,0.9686525209815907,0.007667989495420493,1.0329288024796768,3.1259894756300905e-05
324,0.9687355188452679,0.007556787285298578,1.0019958069087256,0.006966632491907194
325,0.9684961565607824,0.007898510146921235,0.9667990723338741,0.00612411012698149
326,0.9681209717667807,0.0084077199979889,0.9123274553915744,0.012493907432049381
327,0.9682593883899194,0.008236164760192573,0.898656550363074,0.011425016344865733
328,0.9675065821478277,0.009279942671342875,0.963902201835484,-0.003974217631584644
329,0.9682354939248686,0.0083036420844361,1.0306051145357684,0.011079236879269502
330,0.9685788865315595,0.007867341842994239,0.8787767499586041,-0.008397212064950149
331,0.9689215438906459,0.0073986872853635255,1.0122702633383454,0.00273873617172172
332,0.9682796521023704,0.008303245517928073,1.0086019696425181,0.01128751887631299
333,0.9686657663790549,0.007766640597823788,0.9439550452396883,-0.008516813820574266
334,0.9687325755362226,0.007688441585885479,0.9583559607725108,-0.008209317171094023
335,0.9681905832567229,0.008431702497688062,1.1355206626535999,-0.009449896250914826
336,0.9683465044773785,0.008224982179098382,0.9702846077459985,-1.493061598540016e-05
337,0.9688046745353178,0.007638816498461197,1.1813614579182783,0.00045306965199958514
338,0.9688972480475859,0.007539651807895287,0.9091204115066049,0.0015620436724572695
339,0.9687422361760224,0.007734042627120099,0.8598790707122058,-0.0036100654876863557
340,0.9678280756450547,0.008981428389541413,1.040561066799603,0.015310172948323267
341,0.9679854257686399,0.008775982553760232,0.9754644336643921,0.005288939200813536
342,0.967911433717926,0.008889634815012938,1.0540586480380818,0.00018826566657506038
343,0.9680769483664265,0.008669083972955837,0.9533710005393855,-0.0006869437053089333
344,0.9685306500218537,0.00804793197656781,0.9788081727908386,0.022830558506099108
345,0.9691684056229649,0.0071963008281482116,1.0233069186110066,0.0020304737735629026
346,0.9692175217748092,0.007125607652638107,1.0108230943206968,-0.002385976763301627
347,0.9691879941704516,0.0071382233397157486,0.9893695189195563,0.006863401889553928
348,0.9691667765853127,0.007170607180100381,0.9566145982051185,0.008173212734530269
349,0.9691658575980932,0.007183162797932901,0.9347659971355933,0.0028778207875313744
350,0.9691547383488306,0.007177715805486293,1.0662288396124702,0.002173387996659687
351,0.9689906862458004,0.007411674567677107,0.9467549406105383,0.007348093863777752
352,0.9691390811955429,0.007244438969761951,0.9397993898460824,-0.0013516184918018774
353,0.9685109562220748,0.008096887910537717,1.3468676738209873,-0.017297389047006086
354,0.9686560033876529,0.007923552038185388,1.0700928566942605,-0.0037556730369856456
355,0.9688336996780389,0.007676373593223731,1.0869942109620025,0.0011997650164149599
356,0.9687785237439539,0.00775588328833633,1.010334435799732,-0.0026372145889346434
357,0.9682285249605638,0.008525999938978093,0.9805069048653794,0.009731300353685827
358,0.9681259157589629,0.00869143993675614,0.9570214572289408,0.002960142665796212
359,0.9685126071271305,0.008205216370510256,1.0027164077017197,-0.004347316478255142
360,0.9683967663817793,0.008375137756844286,1.2091263341699965,-0.01607480096208857
361,0.9681508853176725,0.008735864533560357,0.957323784248563,-0.0016595505259530173
362,0.9682842368835451,0.008563181274826878,0.9662944908010018,0.01953195928672137
363,0.9683080672635322,0.00853382038061866,0.8702186307871574,0.0069796313560611814
364,0.9683037439141104,0.008542904089516067,0.978324928247759,0.008373264666444358
365,0.9684786360910375,0.008323488392296526,0.9021081947867233,-0.0019512406732922047
366,0.9685218762235113,0.008270409699008854,1.000181605906586,0.006524215600481381
367,0.9688019923876108,0.00789718836126939,0.9729717287061117,0.001730475000196811
368,0.9690236920462159,0.007616008271902958,1.1110055881031433,0.0018139901090054827
369,0.9686476341619068,0.008119765304641683,1.0411744222975257,0.003460449460089766
370,0.9681463831538275,0.008806523379310685,1.1017342775994767,-0.010957271583080257
371,0.96828098333082,0.008630509507479246,0.9861963514229742,0.0007722270384681788
372,0.9681618758355561,0.008799058991294541,1.0002778453015246,0.003192602081057545
373,0.9677425931095482,0.009379282953401612,0.9254041763744184,0.01463012468889798
374,0.9681933296781559,0.008776303874015389,1.1855622868443383,-0.0084090673686473
375,0.9683113690311207,0.00860169997603962,0.9265226873300307,0.002015799603899708
376,0.9681570214643074,0.008822775291803864,0.9580700135836918,0.00396932431008057
377,0.968359905155054,0.008527962280674392,0.9516608164603458,0.014328125786826485
378,0.9685011488019433,0.008360058410669668,0.9084429026913009,-0.020685175146686892
379,0.968201995385625,0.00877494134225988,1.0204674071382143,0.007376531930091564
380,0.9685668858608103,0.008291434769402948,1.0973162463620068,0.005421531850107911
381,0.9687084721890645,0.008095659163680602,0.9585431174670044,-0.0037384455497212494
382,0.9687464622751428,0.008055275188925126,1.1115744339350995,0.021586498922832074
383,0.9686670510468831,0.008160159071803242,1.1890663167235298,0.011185231197288535
384,0.9688362644959616,0.007944482245397554,0.9412404674207346,-0.003729362114393274
385,0.9687237742292006,0.008110974639099008,0.9929147246361975,-0.004796517350113635
386,0.9685096193284093,0.008391887491203972,0.9763860844565342,-0.004257416540510474
387,0.9686010218575106,0.008260133634283549,1.0321260749455496,0.020008125935627834
388,0.9683927027777198,0.00855016879946745,0.8112641512157258,-0.0024508997708806474
389,0.9683517347392468,0.008611812067358109,1.0497807967379866,-0.0022578394414371314
390,0.9678700991127851,0.009273394694887293,0.9987031024960203,-0.0013887978452365318
391,0.9680571470317036,0.009031687913693317,1.075822618074142,-0.0032777885670365633
392,0.9682574039346434,0.00874961410336856,1.016768109511923,-0.0017686110401769772
393,0.968617034226824,0.008271055655929239,0.9987228832036958,-0.002047221190499063
394,0.9682971736432548,0.00871869160851805,0.965219178562478,0.0022048252612486443
395,0.9683043353219412,0.008730465957819393,0.9479527967929637,-0.0022503838561694187
396,0.9680845923891997,0.009032635150218658,1.0705005169225874,0.015813330652542566
397,0.9682126150414024,0.008859328555812666,0.8447813188460817,0.004423351381102601
398,0.9679749422720522,0.00919102533828036,0.9325745773740902,0.0022081928327448122
399,0.9683031508410774,0.00874897376733879,0.8776022342698324,0.0007946955949057321
400,0.9684654510376727,0.00854244654419546,1.0273649681200703,-0.0011854729118564544
401,0.9683891807322114,0.00866164915611525,0.9382498097943938,0.01295712900830605
402,0.968454237067035,0.008572683458025619,0.9675310264908582,0.009993149917414505
403,0.9682656165682866,0.008824220302348418,0.9128847970245041,0.00989940537222606
404,0.968208120592618,0.008905793746158717,0.9230848756641575,-0.004124494501161136
405,0.9682037521638893,0.008918634868828886,1.022932821787026,0.0052784406839478095
406,0.9683699390103093,0.0086803588761475,1.018387240742725,0.007348814789794983
407,0.9687433264206982,0.008170757356325085,1.0042238042827756,-0.011454197093191645
408,0.968709001188576,0.008233364744409253,0.9340723174041387,0.0018985539624925276
409,0.9689413920036304,0.007912560955579684,0.9015203016190216,-0.012505630322686048
410,0.9689227222472406,0.007942511580106578,0.9486854248549559,-0.0014895987827438233
411,0.9690255295979567,0.0078106835662401135,0.9747252380028174,-0.008235687725493199
412,0.9686648945586676,0.008307519477862334,1.0679134968658288,0.010221025691104191
413,0.9684895148239205,0.008542911049020076,0.9643700741491437,0.00648485625251307
414,0.9687512709018807,0.008194134022924163,1.0951276671215588,0.0009594746328605164
415,0.9687011129803187,0.008260210778869428,1.03279124150868,0.011412115556632078
416,0.968409143734569,0.008663787783576423,0.9481486691623205,0.005785991570407926
417,0.968534301636552,0.008502110268090854,0.9787771633100332,0.004835177236009283
418,0.9687484358340954,0.0081961538789967,0.9065925089265484,-0.008713340304840405
419,0.968938247852514,0.007948921468762853,1.0312666050062955,0.0063521079852246415
420,0.9689872180524898,0.007883288931938423,0.9681028002926495,0.0006247552506381099
421,0.9690304368247102,0.007833007543079744,1.0641057662175772,-0.003978622500688727
422,0.9689197904712586,0.007993125932802818,1.0333977708491522,0.0021078671538640468
423,0.9688890278040508,0.008026940727139819,1.059953489464282,-0.001922636615983633
424,0.9689380813272924,0.007955530386941535,1.1196041888025792,0.0107059002788414
425,0.9689732220448644,0.007911290676201936,1.0374052566084442,-0.007936580275699046
426,0.9689644662718003,0.00791995185761216,1.0288619140965045,0.004601093602532002
427,0.9691641486415973,0.007651582493158189,1.019884744278517,0.009989338075888839
428,0.9692960661390827,0.007474536174454791,0.9608589648625483,0.005375997972690949
429,0.9693376724587447,0.00742568769724778,0.8859813848799586,-0.008346547832208201
430,0.9693792107428296,0.007368775356073202,1.065357377599008,-0.004947484002993865
431,0.9693779997606423,0.0073749176727089865,1.009964659007297,0.012262808086093712
432,0.9692080636289594,0.0076069832085648,1.1468755459183075,0.02154409472540919
433,0.9690384484655856,0.007827447675315378,0.9715159857848797,-0.011816419902267394
434,0.9691437457298706,0.007678465879040653,1.0374241946101412,0.0024277192399308205
435,0.9689980650400295,0.007875863086354462,1.002736483580423,0.022462623732427855
436,0.9689009602438095,0.008015378756802964,0.8789457893422119,0.0025113184460024127
437,0.9690182401648318,0.007861320092196521,1.0773079189787693,0.012542956115539648
438,0.9690343281603502,0.007839255469569774,1.06629898894369,-0.00423644666280012
439,0.9688922616504012,0.008029451213361342,0.9634978902638861,0.013995011988657312
440,0.9691189660368648,0.007725902960743134,1.0261123088406516,0.010635756521607418
441,0.9691172397060505,0.007732169646791699,1.185786053999365,0.0036252745222866726
442,0.9690546569403177,0.00781085716674168,0.9738345630824207,0.006736267390954199
443,0.9688505525768527,0.008082871522579102,1.0994450946030683,0.005139950790546589
444,0.9686609701146608,0.008337527988986916,1.1338647537325295,-0.009720001052821184
445,0.9686138037569538,0.008411280284310572,0.9882801697117589,0.014974251521358796
446,0.9686757209812816,0.008329822778677764,1.0394882500328335,-0.002999131318085606
447,0.9688164952467716,0.008137197469151116,0.9933354664881262,-0.0016476487016464925
448,0.9690465063146131,0.00781762187306608,1.0850983730395634,-0.005447078289208975
449,0.9690002351393754,0.007886802692533883,1.0452237317514306,-0.0025800951870138217
450,0.9687726410067624,0.008201051363045683,1.0637629375343336,-0.004222816204427804
451,0.9686174325011591,0.008414387201859448,0.9958034538072017,0.0007006311983947227
452,0.968746402838009,0.00823615818797083,0.9850891867443814,0.012448297983368396
453,0.9686109869866227,0.008426152683671466,0.974368190244313,0.007191484077551173
454,0.9686844665319642,0.008331943268350886,0.9926069226948698,0.0012415954741484686
455,0.9688563643706388,0.008099321157021796,1.0549009387348351,0.0006084362058750109
456,0.9686462847600729,0.00838479598505141,0.992408272977274,-0.0025431015306277825
457,0.9687573448027281,0.008247014787133336,1.066396656325205,0.008872908452134076
458,0.9687893965546479,0.00820516215959456,0.9486037736866705,0.00644955630109813
459,0.9686859013085451,0.008341286183047044,0.9618781442737764,0.009656879785624049
460,0.968653687675129,0.008384877861297664,1.0193542894487448,-0.005381066854933749
461,0.9687657618150476,0.008225644367696128,1.1750428836152773,-0.003734605575781321
462,0.9685159169616799,0.008563881027193583,1.0684178380252347,0.015322524964033819
463,0.9686100539872182,0.00843519420621429,0.8604303083135428,0.005155227369810357
464,0.9687012671591742,0.00830793203472302,0.9373936382833076,0.005775925490252476
465,0.9685379671025067,0.008519171894186519,0.9009609695468384,0.012075065209004573
466,0.9684632654670368,0.008619336386169567,0.9085801339170222,-0.002833804476917885
467,0.9683193883989398,0.008818292886508435,0.8659936375308117,-0.003822788412225099
468,0.9684029125158583,0.008705852918423605,0.9976961211435438,-0.0035330020843573353
469,0.9684040637468188,0.008711096096075701,1.0001639534160494,-0.00864279691622832
470,0.9685966873570199,0.008449112362595898,0.994845056486139,0.0037764132604478826
471,0.968596889500463,0.008459934210622546,0.9857951716784759,0.007041721561201686
472,0.9685709412649948,0.008499059610792793,0.959464164307017,-0.000626946774822979
473,0.9686698207222371,0.008367963458857066,0.9645146433749939,0.019699904944189106
474,0.968931607027255,0.008008823172144859,1.0643203684494469,-0.008006296869864437
475,0.9688462738906228,0.00813024707765945,1.04876692689701,0.006334772736652513
476,0.9686805723412556,0.008356822402914663,0.9629485208394329,0.01604330946765846
477,0.9687422609242571,0.008280621022652665,0.9288099136534687,-0.0034763708899772376
478,0.9686292959108397,0.00842847072146164,0.9457006942908162,0.017036414913175525
479,0.9687276552994871,0.008294907525240461,0.9124857949406697,0.0007194346707157565
480,0.9686557620193003,0.008390523527899398,1.0587431975489756,-0.0026261096490019504
481,0.9686244793783598,0.008435101996324936,0.9548234810823774,0.014389642633932106
482,0.9685901199095871,0.008481801874597954,1.0934439425339344,0.011751772989412915
483,0.9685781117349979,0.008494390771238048,0.8474936921040876,-0.0021513687225174355
484,0.9685768230934759,0.008498786902484992,1.0358849757495707,-0.0038034747537298926
485,0.9686074004343674,0.008464391837935273,1.0348792210519628,0.001211450940117622
486,0.9686525136316972,0.008404595165136511,1.1065866171673748,0.0013740397216135552
487,0.9686119935316638,0.008462105443792358,1.0437569338986552,0.01066987896497667
488,0.9688029667197509,0.008197895956304848,0.9378111242249357,0.00381523088925646
489,0.968810374176133,0.00819044299686738,0.9982005998064004,0.001306077967743509
490,0.9687991743173605,0.008213769338773404,1.0207180561629305,0.006074809392067307
491,0.9687688254335414,0.008251590062643421,1.0492081636806188,0.00202721482191945
492,0.9687094671909925,0.00833506385432561,1.0205766088076136,-0.00229529015373592
493,0.9688120976215049,0.008196398727516367,1.0119216616108988,-0.002278123987997473
494,0.968750185680394,0.008283178841178192,0.9591398120754411,0.004075033784983764
495,0.9688832790550016,0.00809968406023208,0.9168342672853754,0.01284512385074346
496,0.9688628872422193,0.008128688343452631,1.1394799813065575,0.014233361953886537
497,0.9688854173048681,0.008097892634496538,0.9090827896180819,0.015888895577020366
498,0.9689998742469014,0.007944930749510748,1.0650702637842298,0.0013716263349051662
499,0.9690425465976327,0.007886087107301999,0.9888075828416685,0.017723659297853852
500,0.9690147414803705,0.007924102697703347,0.8783702002894063,-0.007752547118892977
