,epoch,Fidelity,KL_Divergence,Observable_XX_ev,Observable_XZ_ev
0,1,0.4008617627260718,0.6064460911410697,0.385714675093827,0.24547337817764922
1,2,0.39953847109301716,0.5836287362136754,0.3767175469017256,0.3520262953534741
2,3,0.3836554452504549,0.5713048889066792,0.44015813127974424,0.4367257461032173
3,4,0.3566035404840955,0.556218852295928,0.36514476718015254,0.38643552446115437
4,5,0.331288217154541,0.5451081987499862,0.39324466213653986,0.42922857806076625
5,6,0.31971572306597457,0.5382125331907298,0.3891209196149628,0.40572080010295847
6,7,0.31337377096315905,0.5328093043034905,0.38826021390646837,0.46978432894693095
7,8,0.30480170391229194,0.5265036647183863,0.38974576857359466,0.4303683723013358
8,9,0.2988564402016706,0.5190670392346219,0.37144853559331387,0.3079313428913204
9,10,0.29858023087394436,0.5157665390087429,0.38417946993168023,0.4864528807063428
10,11,0.2949393678939678,0.5075173653525583,0.39281111069302116,0.5246596249576323
11,12,0.2876111935651606,0.5005983092077181,0.4399643318250901,0.45258801386019903
12,13,0.2856322342546391,0.49253490934622257,0.49613395871028554,0.3411995614484613
13,14,0.2799949427255857,0.48715701621521695,0.4194374754846142,0.3730590266053229
14,15,0.28433023018355297,0.4786777564047601,0.4244032731329122,0.3351943014193714
15,16,0.28701135958145013,0.475046712747325,0.39828091997580284,0.33710589708586436
16,17,0.29007279498792804,0.4716321689578109,0.4253605437380352,0.4020249954892096
17,18,0.29054035571006825,0.4607504731652421,0.3536637460246626,0.3599531526016103
18,19,0.29163628786625445,0.4541490667588915,0.35333422994086533,0.2969606802614618
19,20,0.29553103431825856,0.44829462511248025,0.4040487982464861,0.3252710693517687
20,21,0.29672322263257395,0.4408388703440167,0.4205208994117278,0.37810055060047504
21,22,0.30002398839455735,0.4334812256166083,0.41620947238459965,0.3656219534752083
22,23,0.3046253675139149,0.42854877638264105,0.42596357007008484,0.40982745219019895
23,24,0.30993268211242925,0.42185058472850656,0.4295250291623992,0.35317992602074305
24,25,0.31861363500465756,0.4162238376140961,0.47693453173259975,0.23693925837663327
25,26,0.323485959649821,0.41165173955264717,0.431550505180213,0.20365619648259545
26,27,0.3226711880266558,0.40538367289700944,0.34378663331165155,0.34768094177259984
27,28,0.32292405894681936,0.4021148391554015,0.4566127842543092,0.3887227271213433
28,29,0.3278422468553933,0.394453084665773,0.4368914317838783,0.2735875663360733
29,30,0.3266150098882719,0.3911987445569863,0.4479714447545528,0.18008167498611868
30,31,0.32642995754183357,0.38529390949742864,0.4612248338164256,0.4564703547697311
31,32,0.33163861033940595,0.3825403447890301,0.3794825469199988,0.24006637529113575
32,33,0.3287798311160487,0.3758573531999705,0.36711937981759063,0.23680306558952127
33,34,0.3335341973898891,0.3710251979100953,0.46284315848038715,0.2966176469512733
34,35,0.3385924557415192,0.3652658583017864,0.3683110295156303,0.33154493699346593
35,36,0.34113044376047497,0.3632597346689889,0.4201342799488297,0.3512924914391271
36,37,0.3448136448907914,0.35694884836804597,0.3707308253579907,0.18974263420375997
37,38,0.34113042755800627,0.3572057091960241,0.37869100950625256,0.3492661593089248
38,39,0.35054457938346845,0.35294950931767183,0.3848500696706927,0.25610518654929015
39,40,0.35408981665423195,0.346988396644148,0.40789628070360634,0.36710931098059285
40,41,0.35362151828199645,0.34284731125339035,0.4085941901264602,0.1289566143083961
41,42,0.3591512598213359,0.3375313250958139,0.358220192480225,0.38002633926959184
42,43,0.35412144374421484,0.3396703809765495,0.37084185392545377,0.3695318710570282
43,44,0.35737760391978385,0.33278225175826187,0.35093014343900264,0.3375392757863907
44,45,0.361075867255095,0.33211713543888827,0.3517314553838742,0.42033643996618786
45,46,0.36233587622386293,0.3317023163819125,0.35497615016498874,0.34900461717536874
46,47,0.365166170296818,0.3273924076614991,0.3141756542357996,0.4088212714099203
47,48,0.3679883887469579,0.32112540341465035,0.3686043391016327,0.3371481361502065
48,49,0.3640298403743788,0.3210349895277105,0.37162322883349935,0.4922109341735112
49,50,0.3656647973382452,0.32146620945496823,0.37375558661646824,0.3654007747158626
50,51,0.3719633634353819,0.3161136825798569,0.34624361069085485,0.37600427482772486
51,52,0.3752607398881861,0.3149672097359735,0.3315241396466317,0.39231861311134386
52,53,0.3741226226326085,0.3089944184021365,0.36676972866293783,0.4837215109003404
53,54,0.3797247686547189,0.3021660193348755,0.4074506382639985,0.4052777740330658
54,55,0.38548613691322214,0.2998190153993215,0.38411293615356173,0.32857786056568067
55,56,0.384213411873311,0.2991050236730248,0.4043254940253821,0.469883546282737
56,57,0.3873508441937622,0.2963897161397829,0.34474151681167386,0.3849329095302142
57,58,0.39206336302378764,0.3033473943810658,0.30904277695679594,0.4453564700793301
58,59,0.3919904368803194,0.2897014090436121,0.44903615378624306,0.3417743321045151
59,60,0.3992658934305753,0.28508338829227714,0.3431621374242332,0.31607808516585123
60,61,0.40431202779979886,0.2823972162453763,0.45775035777953343,0.36194546971355357
61,62,0.4020857912180488,0.2802114447813857,0.3138297005108213,0.3331177895109774
62,63,0.40314569036026177,0.2832164557365482,0.34246224166139383,0.4823134350877919
63,64,0.4090920347699391,0.27731534752940534,0.4255253444674314,0.3584200855487357
64,65,0.4102936410786883,0.2684203604816563,0.4238073133301081,0.4339219709121265
65,66,0.4109243691507745,0.26514858826935017,0.4429283462995988,0.3972561476458764
66,67,0.4158518671150073,0.2678711129665864,0.43206880231021944,0.33340836223281717
67,68,0.4151668685614377,0.2625062605005326,0.4119988415959642,0.335525560386845
68,69,0.41766916414627675,0.2633263438164669,0.35434464674218147,0.3387927032168765
69,70,0.4192173197589813,0.25772431300371973,0.38708976182185,0.2877018495747175
70,71,0.4190470468449804,0.2605512473607832,0.43750636618244454,0.323758892607339
71,72,0.42048888593554523,0.25678475657040534,0.284476073789822,0.37802723608822936
72,73,0.4214463689201142,0.2563891199571378,0.4159615893971776,0.3085950380607339
73,74,0.4239188909737527,0.25277676089196194,0.4506762829291714,0.36231680915234393
74,75,0.42618463074862956,0.24639880816313703,0.390072700326658,0.40937345826354676
75,76,0.4305016718996437,0.24403828563352908,0.43266871181888306,0.28637746308422674
76,77,0.43146898102278664,0.24455180492566267,0.3549321509780564,0.3463443356396129
77,78,0.43274462371027334,0.2388287133024921,0.30434829487462484,0.33793832598956347
78,79,0.43618097577951864,0.2419812652093992,0.38142217685402713,0.42438172240798633
79,80,0.4377922983261233,0.24556957569007543,0.3446380275733099,0.48298615700948494
80,81,0.4384293807798344,0.2389029940123848,0.38204012083028843,0.41216243785234974
81,82,0.4383828474563132,0.23660397538017686,0.4607827195820965,0.43635176401235404
82,83,0.4393767845323014,0.23286438649352853,0.5121094029282511,0.3153014691414882
83,84,0.44324812623598636,0.23098089429149649,0.38698095433821733,0.4228649542231568
84,85,0.4428510933441604,0.22915508734075793,0.28284334516686355,0.47420834869033657
85,86,0.4423267979400006,0.22731031155780673,0.34806219492057794,0.28396649685158415
86,87,0.4430516822781076,0.2286788389777962,0.43405916183816606,0.44943581680746203
87,88,0.44255073310742193,0.22925581013960233,0.41869291420206783,0.5463617986212844
88,89,0.44364297214047166,0.2271800244355406,0.4298505478233882,0.5349603652960666
89,90,0.44662499101638625,0.2263804306105903,0.33301480395699506,0.36422726544663864
90,91,0.4471070818033597,0.22680755080472503,0.47494572985945976,0.35043130539025114
91,92,0.44989879889653817,0.22388237383696316,0.40263815197242286,0.5020843006381986
92,93,0.4512369213901144,0.21797962448158112,0.5268152686937162,0.3013046381467695
93,94,0.45334010353449017,0.21732455216514854,0.49267479899523253,0.36685514175323714
94,95,0.456209499243623,0.21710714808130246,0.3019233060380352,0.3864884796113048
95,96,0.4553855778136054,0.213808124424888,0.37457891635950163,0.37415793005462084
96,97,0.45648265924654136,0.21649742636872812,0.39428555309798574,0.36101687774931085
97,98,0.4553156750918504,0.21378784014083552,0.4791180005481055,0.40164391674298106
98,99,0.456932045051849,0.2116534082419744,0.4445219619022341,0.4210318228821112
99,100,0.45929854333393594,0.21550217067621913,0.42619703464255126,0.44420906188546366
100,101,0.46040794833375365,0.21232601241226134,0.4293509027215189,0.4161120629020815
101,102,0.46152980088532913,0.2083381225808402,0.3524013855664514,0.3636638059638238
102,103,0.462133529882038,0.21125092597470158,0.4670466736101496,0.3731179643267023
103,104,0.46493825085667784,0.20672067022640547,0.4476983428286426,0.4316766675697111
104,105,0.467573995341465,0.20873898788029052,0.40852802538344357,0.35039170093856503
105,106,0.4676305278037981,0.2097178735857865,0.40685531020273813,0.4301322317486285
106,107,0.4671051749754404,0.20556789015673443,0.35660030159386064,0.3033127608913404
107,108,0.4708747161457252,0.20262955362118135,0.3748342474944645,0.34405379939078995
108,109,0.46950706878046533,0.19952198046732406,0.45035352210357504,0.27007193347398484
109,110,0.4715337646381754,0.20129707229705135,0.46653121864283925,0.3966122563886233
110,111,0.4718968722323551,0.2001894724320762,0.33950631939420534,0.4128494399573914
111,112,0.4713223347968002,0.20311121629833537,0.33701038985844217,0.4276597548264325
112,113,0.4711091155428734,0.20296633048713625,0.474611136501756,0.419381564393526
113,114,0.4713138993279348,0.20204734731500404,0.426880024685128,0.5441399715011092
114,115,0.47298149644622994,0.2048851735842748,0.49556320450861363,0.4361090326366846
115,116,0.4736345124637059,0.19901794623948266,0.47513345742403273,0.3361438533000933
116,117,0.47585593596880676,0.19714092242921566,0.3829157834190575,0.36740239540598607
117,118,0.47775205422670747,0.1978286810050315,0.5355575638069189,0.3879501406418866
118,119,0.47836229436727734,0.19659375276285354,0.5030707421665481,0.2962728517807463
119,120,0.47562483359732544,0.19716292846243114,0.4269474122431698,0.5298053101902231
120,121,0.4759680910512078,0.20067462252749235,0.39261167053111373,0.4056758795470237
121,122,0.4767694195022589,0.1968916973482335,0.5676527551619622,0.2635811666957836
122,123,0.4782199419664636,0.19228336721787764,0.5679718185252336,0.3377961484674236
123,124,0.48011279266392104,0.19398227530911052,0.49539844434261426,0.4185162275911284
124,125,0.48079261550251384,0.19791813372086076,0.3830055726780981,0.4044376950454791
125,126,0.48221075969734445,0.19380288989432362,0.46947537585629856,0.3479055450719502
126,127,0.4833447665149273,0.1970269840898696,0.35271850215773054,0.41430020257078715
127,128,0.4821750419527124,0.19153005051329014,0.4349546124964598,0.48926820949141714
128,129,0.48140231447084175,0.19470748499104198,0.35446432493408886,0.4068108415202603
129,130,0.4835567057832354,0.19079290514388716,0.39103053139080945,0.32880318752581034
130,131,0.4839126402090206,0.1943623864691634,0.45094425860843634,0.42516174269247803
131,132,0.48611042778306235,0.19297751591238888,0.36299046401604285,0.45554717175624576
132,133,0.48773794289108807,0.18798238677345688,0.46804253337878665,0.3438573514103097
133,134,0.4871242510932061,0.18662321570296164,0.5540320471217058,0.31605353218042825
134,135,0.48893384631269293,0.19044664774221637,0.5356367353178417,0.31862604447298865
135,136,0.48934292827851994,0.18508126162678218,0.3749933842179426,0.4489054486124769
136,137,0.4903651576959404,0.18465839829863542,0.4291851482351952,0.397549012660635
137,138,0.49040580070233747,0.18263456241274925,0.4813236112567085,0.3756307583481857
138,139,0.49238331917831873,0.1815000828702978,0.43321759596692216,0.3428108466933645
139,140,0.49308458615853035,0.18238880162163065,0.4332852611774371,0.4087598100515736
140,141,0.493247718349621,0.18533544716628458,0.48013695689623187,0.30820002652400275
141,142,0.4929480987543263,0.1819032387428783,0.4509480704368856,0.3416833069971994
142,143,0.4930156268575166,0.18317696081077736,0.41386055562510476,0.42052251597255585
143,144,0.492076890186522,0.18319528720909956,0.46158916299463076,0.3321324749941245
144,145,0.49382056378607025,0.1820414175098976,0.3884699522385835,0.37995092705633626
145,146,0.49488721779091643,0.18515333167867373,0.37083668464180763,0.23001964642031814
146,147,0.4958826264240817,0.18450452498103045,0.44628160449795967,0.2832576528550804
147,148,0.49841859768094887,0.1839814414746614,0.506634134524397,0.28571755773576324
148,149,0.49729074882898533,0.1812797644667328,0.5047042839361551,0.4262426890021425
149,150,0.497403872079474,0.18240539334862962,0.5315902211835809,0.3516301274475152
150,151,0.49651416282752225,0.18222137478346678,0.44270328867255526,0.4487933098450824
151,152,0.4973626107755749,0.1865008277491041,0.6735254722667773,0.2942985582056067
152,153,0.49700521338495784,0.18616224568112927,0.4559451086755721,0.27288072395820073
153,154,0.4969302150842314,0.1833495301332804,0.44931088707211425,0.3988990589536522
154,155,0.4973588610452684,0.18073530679252336,0.42704543213630475,0.34288825638590564
155,156,0.4982509199442903,0.18181890934082487,0.3796650697584548,0.3694111466816734
156,157,0.4993858347830235,0.18465247374048566,0.591143329118205,0.3170733367610398
157,158,0.5006264060418044,0.17943026842076346,0.5262221145031214,0.2469742452710168
158,159,0.500779461683268,0.17697440442734816,0.5861942158117085,0.4023748167316663
159,160,0.5015793365179072,0.1756940292126903,0.38239383107161057,0.38995129843237664
160,161,0.5026212860559675,0.17870158437911135,0.3924549160668917,0.3707795936657365
161,162,0.5032368008198888,0.17976708305470993,0.4689927553912242,0.3603852804346948
162,163,0.5046001981622562,0.17829809725792614,0.4920826144742506,0.4382671235730778
163,164,0.5055569272416388,0.17691893969552874,0.6099876327826015,0.3812485334673492
164,165,0.505783277402549,0.1733668606457014,0.5010299692521225,0.2925006143487161
165,166,0.5057079997414552,0.17476633489224344,0.5410117652801566,0.2776378161847435
166,167,0.5059396448386125,0.17249339053400106,0.48398814116734235,0.2746424310100419
167,168,0.5061439281149416,0.17482285114040602,0.5442142158406691,0.20838739202387538
168,169,0.5069136483522821,0.17947689343371115,0.43144769844485,0.33614575978650524
169,170,0.5069578930004165,0.17900767922915042,0.43039686626990376,0.20584091007540276
170,171,0.5071358223550658,0.17702442046735986,0.38481191943106907,0.24164209358921318
171,172,0.5075851007179686,0.17815913087719817,0.47354965060801923,0.3056066580211056
172,173,0.507435605044632,0.17769702044898494,0.3839754830722406,0.36372542345618963
173,174,0.5065912019113455,0.1773478354275907,0.5926591438479558,0.4061126150427875
174,175,0.5080110988655108,0.17719383845901046,0.5290883135183461,0.26973904118510184
175,176,0.5082398548646626,0.17414929811335975,0.591015270445908,0.4482094639481745
176,177,0.5090931052421614,0.17391823464076145,0.4633278007478394,0.21409451033970694
177,178,0.5095386428583139,0.17323882648631264,0.4321720987914996,0.327812073409885
178,179,0.5094583463998973,0.1711891589700041,0.5749553212021451,0.25305872121573586
179,180,0.5098547832344242,0.16986590124379367,0.45811905613592296,0.3535888571887242
180,181,0.5111027507472162,0.16964326064785132,0.44029902289936623,0.343044271988003
181,182,0.5122519364597401,0.1700361504083732,0.581331523972303,0.35467834794658243
182,183,0.5126387616036794,0.1690379713600023,0.47244909876329244,0.3201275210159838
183,184,0.5119661116494835,0.16991255940450162,0.41299403365114506,0.3166453196503637
184,185,0.5123227180199236,0.1711587439870032,0.45652048650268195,0.4191253478438396
185,186,0.5134525222705085,0.17056047007538544,0.49467188170805826,0.3752576639469033
186,187,0.5136206495208376,0.1700253000045278,0.35227698782393685,0.2498495328327463
187,188,0.51355958996444,0.1686672691455952,0.4730392377500226,0.29444160229304267
188,189,0.5147982011011648,0.17062439383500694,0.47882481892985035,0.29998227932672195
189,190,0.5153880754769172,0.16864491589183744,0.6760177370346685,0.3943661149492215
190,191,0.5161779139899743,0.17056251424838362,0.4896401546681849,0.3971162631382176
191,192,0.5167544412941953,0.1697125865667553,0.4932131691096551,0.23084132741743615
192,193,0.5174232915868895,0.1707259399635415,0.5164346724517842,0.325632146438225
193,194,0.5176878139485785,0.16801441250166171,0.5640067105130764,0.3324468962511463
194,195,0.5173342922438499,0.16817785964972273,0.4558069078759529,0.2957749256385552
195,196,0.5177989153674126,0.16889128157193245,0.4762202173512577,0.28034795778574717
196,197,0.5176006016824971,0.16995738984172298,0.5325860765780236,0.3308249660907684
197,198,0.5180839918698955,0.16724936215835015,0.5365823158859201,0.1828177618564247
198,199,0.5181760171262124,0.16571674741378978,0.6274580820318009,0.32832602011952355
199,200,0.5180762939038593,0.1659427250933281,0.5001193622646253,0.3473215681801606
200,201,0.5190412861842975,0.16539193320204357,0.4461258556800269,0.1764628242792285
201,202,0.5194911489732137,0.1663310250180066,0.5395607217388053,0.31801577452166824
202,203,0.5195660945167703,0.16862831212752052,0.48472673312689096,0.3197529473195829
203,204,0.519533427452028,0.1679445562833921,0.5261725695959362,0.2852436935248551
204,205,0.5205336894569765,0.1671078837505121,0.537957199696161,0.39215421681959595
205,206,0.5209916661393628,0.1670908629941183,0.36206822224987495,0.242545364515841
206,207,0.5210497428679397,0.1691961237828458,0.7346251398600875,0.3167800943802185
207,208,0.5203730543446438,0.16832462949057148,0.3473303039346335,0.2615837836705236
208,209,0.5213339834290884,0.16790684372906273,0.3553129369235577,0.3732320191055654
209,210,0.5218076399268026,0.16645402454448677,0.5971952228380862,0.1896066740146251
210,211,0.5222572083887241,0.16666239728244647,0.5088721915120268,0.29982946757459117
211,212,0.5225906281181456,0.1667895798668628,0.4795129667154721,0.3136990543358975
212,213,0.5230603255237791,0.1661910883784342,0.46353882879039154,0.5010081962239465
213,214,0.5236020783227935,0.16514276841409536,0.47995461128919026,0.3501524348316354
214,215,0.5234371753334142,0.16536868981246097,0.5371038624213909,0.26737988144719704
215,216,0.5236302813272686,0.164978155960023,0.4200859949495781,0.2098892867522826
216,217,0.5240116233567127,0.16450743889840705,0.5270759078112592,0.2505627305145795
217,218,0.5240154048429767,0.16544656068431157,0.4646475908760803,0.2871292689001327
218,219,0.5243461737005,0.16424253337020656,0.46184187574420094,0.36627006370560367
219,220,0.5246200957371815,0.16664501708632593,0.6135157373645301,0.36826490412870855
220,221,0.52475935340518,0.16591223728868223,0.4009335136607704,0.23363737776508675
221,222,0.5253111909873429,0.16624557344810226,0.46563248980885713,0.2047310949847754
222,223,0.5253054108069386,0.1662528872507734,0.711502770965584,0.33294052081093406
223,224,0.5249567353118084,0.1642614799844104,0.5224424557059474,0.39178157245989015
224,225,0.5253925898865105,0.16438197460796747,0.4603403547227774,0.2856858596110834
225,226,0.525768050191384,0.1621324643382818,0.6242682571273436,0.24636345763393813
226,227,0.5258869135028276,0.16221250235044968,0.41564888244091547,0.3918807752726583
227,228,0.5263911110811962,0.16265533579288785,0.5112518383961098,0.2441238761236538
228,229,0.5266347117589991,0.1621690817773338,0.4315709978298478,0.25774315557350286
229,230,0.5268824634540251,0.16227833278212567,0.6143486038645756,0.3816011126004103
230,231,0.526791899039971,0.16249087278079744,0.6966680841276824,0.3233342786087272
231,232,0.5271080365482372,0.1626600842329014,0.5710733162560818,0.3295666815699085
232,233,0.5274242230998956,0.16139209358418763,0.4894702616312814,0.29967125520660076
233,234,0.528000582307328,0.1603232455598739,0.3888738074587175,0.26170930001931775
234,235,0.5279239448835432,0.16063561233587662,0.5416636864335947,0.2584540012114978
235,236,0.52835482094735,0.16202124235418452,0.5252173214987941,0.30166379373486374
236,237,0.5287661612716582,0.1610100073505116,0.5678119022304409,0.23716589854841463
237,238,0.5290530560056387,0.1618448336099258,0.7294661126121078,0.2376288853544436
238,239,0.5290599649822645,0.16172252455498703,0.5956772389251914,0.2476005705730563
239,240,0.5294541845975015,0.16091876297781976,0.5410812646690726,0.2983075598717989
240,241,0.5295243984591734,0.16046410495792063,0.5004435998405203,0.20823830845239005
241,242,0.5296526402760889,0.15926741570692338,0.6412977856431014,0.20387719529341017
242,243,0.5298442206072728,0.15904616057365292,0.562029928748097,0.3172255435570453
243,244,0.5299709304086815,0.15889013418717043,0.6103691080779987,0.25260767635905945
244,245,0.5304923394777424,0.1583639380125766,0.46286690893010723,0.2818320263008993
245,246,0.5303255507466024,0.15856343411448912,0.5907174251912514,0.4338824072516049
246,247,0.5305557478947219,0.1585331782139884,0.4999814310127897,0.24125261485287988
247,248,0.5304794348040628,0.1584057728582327,0.6631877659760967,0.2689627913209597
248,249,0.5303666653177909,0.15902595431030447,0.4610569250124664,0.24056011838102154
249,250,0.5305592071599297,0.1595110714766932,0.3348602812613861,0.3082882298012537
250,251,0.530369889269136,0.16016678592387518,0.6022937326578851,0.2778687145711413
251,252,0.5307369313105901,0.16074882906269852,0.7465349035062818,0.4069419499520823
252,253,0.5307382112720387,0.16232800662223137,0.45716953617966105,0.2647687003874208
253,254,0.5312060070781156,0.161837918941606,0.48258635054374505,0.2977490813781816
254,255,0.5313755390729945,0.16182245076793159,0.647777048820856,0.29024543320335316
255,256,0.5317300407431461,0.16032590688412116,0.38581772049805474,0.3114871122052184
256,257,0.5322584609272664,0.16080494085653566,0.49129246156295,0.4370956381464127
257,258,0.5324734829418302,0.15999002535654328,0.514406601603111,0.21673961627934504
258,259,0.5327172194262939,0.1599823819378537,0.49725398264915854,0.5130732722616197
259,260,0.5330391070549281,0.1607303406786374,0.5012379007879881,0.29672422697788325
260,261,0.533249147232174,0.15935033890449515,0.52464863871615,0.24520511991007274
261,262,0.533544883703094,0.15818430226943672,0.4170392679577502,0.21799340087247362
262,263,0.5337036891114121,0.1581607838089344,0.4961267105327299,0.19534203873609904
263,264,0.5339230457236757,0.15840332260315826,0.7068965273205146,0.35300860188407196
264,265,0.5339536428081382,0.15858687440834762,0.47206278122028744,0.3171429683813802
265,266,0.5340996998755008,0.15765834298782366,0.5037690518599719,0.2668602802771204
266,267,0.5343273827238799,0.15706379441730134,0.5357736214567009,0.28786915210395486
267,268,0.5342401511522232,0.15694744427308097,0.6031665696518218,0.21333346877415735
268,269,0.5346784484466907,0.15677621793049923,0.7176894022263391,0.3583014492966811
269,270,0.5350241572793178,0.1564303573478077,0.6828503947098216,0.3707834674548475
270,271,0.5350741859296787,0.15666146449134333,0.5738390074413587,0.35008937731316636
271,272,0.535248841971409,0.15688551167674206,0.6829951466287768,0.21100757333787554
272,273,0.5356187268352685,0.1570760661843108,0.4927501070966624,0.2405208749183821
273,274,0.535987354329557,0.15620224216959422,0.5064663131639976,0.4268191514876
274,275,0.5363702038947425,0.15640982328981684,0.679706642509965,0.17721396471382622
275,276,0.5367553357434923,0.15551991042011704,0.492180553790938,0.2005568956991597
276,277,0.5368248278821994,0.15664786819327547,0.5626300049846508,0.24676312178553833
277,278,0.536942795994149,0.15632771849872362,0.6853683742749185,0.24827673393353628
278,279,0.537125715669765,0.15586013782571348,0.6108495983635198,0.3463460770736103
279,280,0.5375287833695964,0.15513581682338795,0.5094956862579542,0.34463502190137424
280,281,0.5376809586566496,0.15495436714908614,0.4701203944662332,0.22513898836258034
281,282,0.5380616368872337,0.15496964143636424,0.6828683898286839,0.2626795628402083
282,283,0.537814189663589,0.15475151243327,0.48777519968610894,0.24559576449490625
283,284,0.5380091000997401,0.15494759314441003,0.5329328239374572,0.2858078829734186
284,285,0.5382100176458742,0.1551579127694932,0.6153872474854741,0.2325539908144181
285,286,0.5383548347141612,0.15546291782195787,0.5241208427455724,0.33361698712762167
286,287,0.5386570591971078,0.1550553361052533,0.5559497936614497,0.24774899703290615
287,288,0.5388294995049436,0.15523610885829925,0.5187124599900745,0.24397961278153762
288,289,0.5388389002457796,0.15476327599687498,0.6669542545357179,0.34295152746332125
289,290,0.5388234748339247,0.1549068981416078,0.6744984272738115,0.2824595871065274
290,291,0.5387533607624583,0.15514829963215263,0.5557138580658463,0.20320517041487535
291,292,0.5388970149416782,0.15422470713638065,0.6082471387368406,0.2522920738047964
292,293,0.5389224507979098,0.1546833827251379,0.5061655509584869,0.25088385061974144
293,294,0.5391465098928372,0.1542723479957583,0.6423657760050173,0.34290505645249947
294,295,0.5393695794402125,0.15489576583743597,0.5262725730023655,0.28222019784169455
295,296,0.5395716409174308,0.155414508134209,0.6593374242445336,0.36426796806672934
296,297,0.5396174499943642,0.15611701677857315,0.7115413174895212,0.2457881920594539
297,298,0.5397128554753571,0.15571403136912376,0.5143825575450367,0.30086509114844107
298,299,0.5396287111746859,0.1560208040904236,0.7577566869537435,0.39171751666418114
299,300,0.5396749818204735,0.15693428043243596,0.5213215159219119,0.31515591571707596
300,301,0.5397678741132804,0.15696227304728183,0.5851410163179953,0.32981735747631535
301,302,0.5398608703939455,0.1567623743216934,0.5804787159454151,0.33733945446767805
302,303,0.5399693413499081,0.15658180820212905,0.4450714758695686,0.24268528425476626
303,304,0.5399875269225123,0.1563179904157457,0.5101280370362885,0.3158803313457782
304,305,0.5401495925197485,0.15556518861340463,0.6538102980356344,0.3490841674280837
305,306,0.5403121816736953,0.1551425132309079,0.5103697614573384,0.2675360359715764
306,307,0.5403673474505167,0.15489987771067193,0.597649302830534,0.21523258061276923
307,308,0.5403915355897533,0.15460947976347272,0.6082032464605005,0.4100732873730249
308,309,0.5405908768178838,0.15455005377409997,0.6707734414938278,0.2443522019975914
309,310,0.5405988276574089,0.1541321450095876,0.5482582099996277,0.33148114044523974
310,311,0.5403553989222063,0.15432073301203308,0.6880113187549389,0.20599304447768477
311,312,0.5402915314271406,0.1541653939252251,0.6833302712035881,0.19662577546933382
312,313,0.5405149504284359,0.15395005598193492,0.589483132005795,0.3351911451518031
313,314,0.540776441558161,0.1542589610389887,0.6849328800324421,0.3300647119986103
314,315,0.5411512266841086,0.15395642265655163,0.5897855184734938,0.1897207127809435
315,316,0.5412660461136654,0.15381828907037504,0.4992507563176147,0.2588340217017443
316,317,0.5412084116691118,0.15374991366221677,0.5389861896398023,0.2620451750886982
317,318,0.541585214500803,0.15406379902489364,0.6186789843653432,0.3500935878840857
318,319,0.541801055808461,0.15358034545716523,0.5432182680956259,0.3188265729582622
319,320,0.5418254015175503,0.15390943791522835,0.5498091326998511,0.31724850564047696
320,321,0.542061970341211,0.1536603441331531,0.48806786021208787,0.3042758533970166
321,322,0.5421960837018419,0.15343887996658145,0.5645696886537986,0.25829854255576384
322,323,0.5424049345227566,0.15311083039361106,0.5469207749233135,0.2692612792616395
323,324,0.5423857644634515,0.15328230328676934,0.5026731533265636,0.341622697960929
324,325,0.5423829934469567,0.15293565861125355,0.575052850601322,0.23770842938791695
325,326,0.5427415710920271,0.15262302340483622,0.5225864150701185,0.3685327996374166
326,327,0.5431109420059211,0.15234668008662164,0.4828852810826127,0.37811456612261235
327,328,0.5430075609130348,0.15231241311396626,0.5848729363709034,0.15962690578402197
328,329,0.543116574495616,0.15242882900889387,0.6582597414499686,0.19367050308743725
329,330,0.543123012001805,0.15284457476844923,0.5527777199347584,0.3187050662495234
330,331,0.5432023431935069,0.15290072747804048,0.5871788800835213,0.4194071626863405
331,332,0.5433051541619701,0.15272147688042154,0.8028335609221784,0.24637595843565707
332,333,0.5434572575466537,0.1530708128239858,0.5014600062879488,0.23873798410655395
333,334,0.5433596555795923,0.15298998531475977,0.38930212631708183,0.21307582509094977
334,335,0.5435114203190534,0.15302750610606677,0.5753938317334859,0.23225482211985912
335,336,0.5436011068485983,0.15292525525703674,0.4182023337951125,0.26496527815578186
336,337,0.5435555100426377,0.1530349692638292,0.4590269146891142,0.1939680761457735
337,338,0.5437593548236055,0.1528097293532743,0.6213860618000066,0.30968801195593665
338,339,0.5437255877004245,0.15295557059708187,0.6039504611262116,0.323620385790507
339,340,0.5436450328259215,0.15302473751790796,0.5557340864111613,0.3347092314059774
340,341,0.5437567818612585,0.15302463330166102,0.554567727278622,0.3913453704356838
341,342,0.5439704307713021,0.15273187153664175,0.5123695418832463,0.30838724962999703
342,343,0.5439444106632724,0.15309664137863468,0.3987635767530216,0.23977096620956717
343,344,0.5439559747824999,0.15322888423906836,0.7004502572489989,0.3920040813498597
344,345,0.544017649640844,0.15284150843518082,0.6283838121745488,0.4510569413303852
345,346,0.5441957993181176,0.1529373793408599,0.6849043291418828,0.2683681731237111
346,347,0.5443275089215727,0.1525436768008887,0.5211086850492452,0.2471912742537239
347,348,0.5444462766197081,0.15244692711866564,0.5179575313859942,0.2535073528357041
348,349,0.544499192587215,0.15208988078489188,0.5782491800240929,0.2529459021288613
349,350,0.5446859054283004,0.15221560051166616,0.642848484219237,0.2908005578664069
350,351,0.5448218695371673,0.1518310451179966,0.501212423599749,0.2873859873235399
351,352,0.5447906238446644,0.15209633391246286,0.5215179581369671,0.2593953588346501
352,353,0.5448870995999207,0.15245646052557882,0.5607396482159284,0.2413614557617658
353,354,0.544972829533719,0.1528040398745985,0.5568822771831486,0.3553935678290805
354,355,0.5451068548123119,0.1528870035056887,0.6337105928677489,0.3379848984795861
355,356,0.5451695981399187,0.15339090358450644,0.5377087266632313,0.3801994620947643
356,357,0.5453788637590241,0.1526887640220925,0.6793608722328928,0.3369713321200909
357,358,0.5455162641583916,0.15222661531189402,0.6048339855131686,0.35212673356055335
358,359,0.5455635146420338,0.15230424782730084,0.5767009237025646,0.29497366927229335
359,360,0.5455086959225321,0.15253390294621735,0.5551463833224489,0.21791585378893358
360,361,0.5456403774629626,0.15243357037764563,0.6194180776268811,0.3409030459799113
361,362,0.545707796380539,0.15243406519584418,0.3756212587371829,0.29780796794692665
362,363,0.5458620032787154,0.1525066008982372,0.5639500392494555,0.37975716208875004
363,364,0.5459059923264211,0.15202831105252543,0.6438500017014346,0.24177047501391863
364,365,0.5460258473009422,0.15199648384796044,0.6765766058710982,0.2362603033179572
365,366,0.5460621446565016,0.15208580523911572,0.6295894731858594,0.24275136924357849
366,367,0.5461770842722403,0.15204630576498276,0.6463787269114198,0.23692199461455699
367,368,0.5461412187876944,0.15218733441083668,0.5854889097919344,0.26971560720253285
368,369,0.5462269934612305,0.15189535320028927,0.42461047511372596,0.31226124796895044
369,370,0.5464106304601227,0.15148755549831622,0.49249908935204556,0.22005891166816566
370,371,0.546491909750128,0.15160848284856313,0.6138020689031742,0.28420872966623506
371,372,0.5466766651858203,0.15172637365809388,0.6139363072080163,0.19064868638253427
372,373,0.5466505782095934,0.15156256985359054,0.6029325254883406,0.17086655261496733
373,374,0.5465829400140032,0.15155093339076306,0.5496616308215121,0.3614123142358819
374,375,0.5466678661217286,0.15142893072805208,0.593878230631085,0.3223145302110161
375,376,0.5467802534744801,0.15129664808289156,0.4875271428034269,0.23037799271677478
376,377,0.5467282105325937,0.1513568265829274,0.627407802818292,0.34988806332853384
377,378,0.5467093557649921,0.15100910999301165,0.5819197971492196,0.15686230674871535
378,379,0.5467489816178728,0.15076739541580014,0.4228212993586877,0.2468562681031175
379,380,0.5467526385594278,0.15078346689495714,0.5596879803684669,0.25213515340473475
380,381,0.5467682463776312,0.1509772083692946,0.4440491318170693,0.2249578404648174
381,382,0.5468400314404919,0.15083737518242613,0.5806812248764954,0.254923520883386
382,383,0.5469346344494178,0.150889504986109,0.5491632101422113,0.2762855054412344
383,384,0.5470158979073841,0.15106378298194637,0.55096113047504,0.3012660451382269
384,385,0.5470430530515297,0.15097865222337203,0.6167841439333914,0.2064579947315357
385,386,0.5470214077954115,0.1511772252100615,0.6891230203705572,0.3259605656347021
386,387,0.5470064454247773,0.151383112994693,0.5070410047644824,0.17619013992725974
387,388,0.5470263908209457,0.1513218445948746,0.6292131593062307,0.26260788081440334
388,389,0.5469799187643675,0.1510857278322811,0.6183645447082908,0.29310840447029757
389,390,0.5470485497359776,0.15116457525263285,0.5978814330483124,0.2788217406671337
390,391,0.5469904429099977,0.15099412824008532,0.41897499447180864,0.1974775758584103
391,392,0.547033339509347,0.15088658078566686,0.5740281729730683,0.21889347659343766
392,393,0.5471062049875152,0.15092452762000214,0.6014122167541665,0.25802986493869967
393,394,0.5472036243941808,0.15114090515201573,0.5045046492211781,0.34145120155151937
394,395,0.5472123906844623,0.15126127207024945,0.6006382485774513,0.2842874348670775
395,396,0.5472801165157831,0.151508180257358,0.5547497914587932,0.2585240371245658
396,397,0.5472848860443739,0.15148596703247327,0.6371885838149536,0.2727720733095158
397,398,0.5473677057293499,0.15133023595275327,0.5429277430484837,0.30249693765057445
398,399,0.5473146070081837,0.15123925073323896,0.6323923363448157,0.3321643847206412
399,400,0.5473200233968769,0.15152411635669402,0.5602186671480623,0.2654657642155673
400,401,0.5472666696110053,0.15165637611288751,0.5328860699893168,0.3162409916477735
401,402,0.5472955084713197,0.15188264271847732,0.5019052455133506,0.2778851160237224
402,403,0.5473593700336515,0.15168041815038602,0.6146356104080846,0.31956212568416825
403,404,0.5474076040006579,0.15169947054640445,0.5754021486335172,0.32145915093867006
404,405,0.5475059658676058,0.15155712455761272,0.49149875984362185,0.12579013512078255
405,406,0.5474019464149074,0.1515664180384141,0.51139238363021,0.38553841468807715
406,407,0.5474107628120194,0.15166727827963633,0.5869674836928461,0.24698053658328398
407,408,0.5473724828450084,0.15171022292906067,0.5475680411552325,0.21919839914149084
408,409,0.5474349621668592,0.15173192222218385,0.5768051288519951,0.30707725420908466
409,410,0.5475466996882211,0.15160983745797063,0.7200028516172974,0.3025150696476495
410,411,0.5475886128425411,0.15142621825975258,0.5220806242242185,0.33666363778286046
411,412,0.5476558184007653,0.15149505650220144,0.5998231321565436,0.15669102738653873
412,413,0.547648091628537,0.15166155180390783,0.607830469389433,0.21223099920541277
413,414,0.5476542070537767,0.15165674356009642,0.5591037703087665,0.2489744708914957
414,415,0.547658989082947,0.15180977226697884,0.7411009480408605,0.17854819351319878
415,416,0.5475901940175701,0.15183917084101348,0.4158247890448795,0.21648546928350829
416,417,0.547570839960615,0.15194390962134163,0.5586728219711197,0.30744765943194163
417,418,0.5476872229210856,0.15189077269632748,0.4515568887382631,0.3812167139931092
418,419,0.5477549599036152,0.1518329697173728,0.5671488478736167,0.2824188090868743
419,420,0.5478134381879889,0.15182251271508565,0.5138864802910684,0.30435991020634384
420,421,0.5479461454962679,0.15162082481937647,0.612658739764848,0.2625779527276089
421,422,0.5479932933795035,0.15148825917923647,0.561821302016715,0.27080947723802123
422,423,0.5479793426216716,0.15152559588016054,0.5345791948210094,0.2962341344702872
423,424,0.5479540624408447,0.1515268403759319,0.5989328707922866,0.15260719627020428
424,425,0.5479447548697569,0.15166114521646154,0.5181261641546403,0.22185141451138787
425,426,0.5479636702148865,0.15176342950998445,0.6423079758923025,0.2234657267033209
426,427,0.5479722290650173,0.15175327130828484,0.3867050696303738,0.25763002342603286
427,428,0.5480456612075046,0.15184776671658604,0.5544524310418395,0.26545954093636503
428,429,0.5480079393709144,0.15193289757939718,0.5936327513939446,0.410238868276194
429,430,0.5480493342012125,0.15174958863065444,0.5907333518834369,0.21711677845520846
430,431,0.5481008739076931,0.15160937674337316,0.49659573165839105,0.2644335130233665
431,432,0.5481431587726577,0.15163413571340506,0.6788195199571182,0.1643682812619037
432,433,0.5481561288419357,0.15169778819079005,0.5891793922707959,0.23524043427625407
433,434,0.5482564363242729,0.1516003329691319,0.5940575806637253,0.29502892373007183
434,435,0.548331707129525,0.1514447076818919,0.4809127220933725,0.3009208305322793
435,436,0.5483034516257737,0.15126631817343317,0.5005971166500768,0.2487037319773791
436,437,0.5483486265228084,0.15123228272927314,0.6171238587020583,0.19569643090121727
437,438,0.5483148679841257,0.15128013981054705,0.6456954040744008,0.23015117848670083
438,439,0.5483017825260672,0.1512253824953834,0.6155447042082878,0.2194876465380594
439,440,0.548320022337499,0.1510999450626748,0.5570507696803306,0.3735914011836471
440,441,0.5483034989042826,0.15121314898140856,0.46407963998303586,0.2311564854440093
441,442,0.5483028394069539,0.1511920358071967,0.5361056034167682,0.2320362111855114
442,443,0.5483083902017211,0.15132664825100475,0.5103653785902846,0.22423640887734278
443,444,0.5483575787692065,0.15129781106334889,0.5908645718364749,0.34224786827349785
444,445,0.5483830221244174,0.15132576861427205,0.5334202352858775,0.24551461790075177
445,446,0.5483991432543985,0.15125319456788436,0.5762693393330532,0.2951837304688171
446,447,0.5484496924584682,0.15130103635083877,0.5581059388529582,0.393574879722753
447,448,0.5484772504018962,0.1511222159008143,0.5915924242049941,0.30262605489338507
448,449,0.548460805709959,0.151028132596983,0.7138693107379759,0.3975993867576977
449,450,0.5484967456238525,0.15101196263088268,0.5345960059637668,0.2678210589555382
450,451,0.5485483846977176,0.1510446819133412,0.5350496460408917,0.2372332066169646
451,452,0.5485476938563337,0.15100447037746725,0.5330944925159687,0.2986269020821311
452,453,0.5486071809222792,0.15103954929071697,0.49455591379646313,0.1465015368040229
453,454,0.548619430450104,0.15109369182870086,0.4168576670928732,0.2878033580726217
454,455,0.5486903912491028,0.1509728398913193,0.5883616632919878,0.22694183603243545
455,456,0.5486939417286499,0.15092638723846752,0.6327627040880636,0.29612559927115484
456,457,0.5487202994662194,0.15089301043645476,0.6699180204851354,0.25508453095720446
457,458,0.5487355544893606,0.1510181991168992,0.5528681375415196,0.22623619118366214
458,459,0.5487561621347823,0.1509616053988067,0.677652695860821,0.21816077891068172
459,460,0.5487824702827997,0.15105957470634626,0.611497143966356,0.2814160691350894
460,461,0.5488107534656314,0.1509789954180643,0.7017883891467738,0.33100113321174407
461,462,0.5488270388879194,0.15097567774765178,0.5849113159126272,0.34227934312805386
462,463,0.5488232796339314,0.15103080121022264,0.5074350913185647,0.2608066204335517
463,464,0.5487784651072084,0.15108571530332485,0.7002418189956232,0.23717841188298563
464,465,0.5487926767483273,0.15109387220306716,0.4947509389596534,0.16292846680525036
465,466,0.5488556057603603,0.15100838764193275,0.7101423111211657,0.2456070928023408
466,467,0.5489182653614744,0.15091969999358656,0.601672567798217,0.33003132708821276
467,468,0.5488919542116514,0.15101636762580112,0.7387277927987008,0.27229211970737943
468,469,0.5488916451302734,0.15112499039910537,0.5731487033902569,0.3860534295371906
469,470,0.548951349392026,0.15111462127074116,0.692041750416675,0.2966690338996853
470,471,0.5489855312290718,0.15110192598571506,0.5851486553144173,0.24272902300953628
471,472,0.5490665854617606,0.15105484033320307,0.5142665272140122,0.36407292172747563
472,473,0.5491099871800935,0.15091253986612793,0.5026295840054529,0.2703449267352317
473,474,0.5490856269262936,0.15097214747871035,0.4995402472997783,0.23796789606572216
474,475,0.5490696005409558,0.15110727526731157,0.5301132176465593,0.3135139457410385
475,476,0.5490485694335467,0.15110726283499,0.5921189603258428,0.25744009973320064
476,477,0.5490689629770276,0.15107011242063859,0.46606005622818486,0.22362315601456234
477,478,0.5491161125664632,0.15104613388841312,0.6673214540693873,0.3201173575191502
478,479,0.549133536497624,0.15109670456383353,0.47213026286401083,0.24205225685340798
479,480,0.5491520235614911,0.1510176035682174,0.4792941124797277,0.24221556373546027
480,481,0.5491805903474546,0.15095832542961332,0.6416701708656858,0.2630802477959211
481,482,0.5491876687163654,0.15093539688805124,0.5434005089746311,0.2902709762661023
482,483,0.5492632145726564,0.15084075355095125,0.5622559590680257,0.3305830616269931
483,484,0.5492638561608691,0.15075350112596242,0.5723239151442533,0.25296174414222955
484,485,0.5492682936682471,0.15067826467269615,0.5655069968461459,0.24489344574285696
485,486,0.5492888954057961,0.15066550077454988,0.5547883734417807,0.23066944100083736
486,487,0.5492948967217187,0.15057090176694057,0.5955532330684203,0.24531665026625868
487,488,0.5493273546083542,0.15043649742714602,0.579924194327111,0.30046869967646467
488,489,0.5493210523008756,0.15037958808740237,0.4800686789170142,0.29005854340419573
489,490,0.5493347543126081,0.15038173330204765,0.6118651244457173,0.2238951821302577
490,491,0.549327722466272,0.15052547817562864,0.6342767325499785,0.24337801240536194
491,492,0.5493406411028271,0.1505008889830826,0.4838647208894065,0.2736570431565705
492,493,0.5493605067599648,0.15040154179160994,0.6752537775433847,0.2900279966568078
493,494,0.5493784081000175,0.15042892385156895,0.5148720196131958,0.18412767999446206
494,495,0.5493936737136523,0.1504345597670994,0.6370685882790341,0.2788907913370445
495,496,0.5493667511625544,0.15056362306635718,0.5645296186960379,0.2787940375311244
496,497,0.549364741563195,0.15050984123973743,0.5202157950104449,0.22543722744785585
497,498,0.5494033754811517,0.15051521752760577,0.6767442643956805,0.17839521772645223
498,499,0.5494115810819181,0.15039647368998668,0.6547075562956567,0.20135194339503207
499,500,0.5494221868181728,0.1503402782300117,0.5467432597420812,0.3010753195661178
