n_copy=5,n_copy=4,n_copy=3,n_copy=2,n_copy=1
1.2469714905493587,1.0292017872919113,1.0298503688295253,0.9319940900516421,0.985400662420016
0.9949873648408716,0.9029681866476992,0.9983680062002744,1.05494413576738,0.9921128848481131
0.8289763291799169,0.9243098333149076,0.9075674748450032,0.9900349803098623,0.985400662420016
1.0024283325060481,0.9199454484195103,1.0691951861298397,0.9942382068597286,0.9746789484735665
1.0649328645408631,0.9640637632524001,0.9334871879202569,0.9767207748790819,0.9746588575107108
0.8523997775290028,1.1396878000466633,1.0623076840949366,1.0271643120222778,0.9974651019801287
1.052831750175201,0.9986964049274437,1.00719872504499,0.9804097573746309,0.9800498509282188
0.9442918743085092,0.9650654177562795,1.0110520788602426,1.0400621548816746,1.000150553207455
1.0920107007653825,0.8878929811382408,1.0379083753251062,1.0321241736949038,0.9827152111926897
0.9466945961664774,1.0005306468269832,0.9787782612899764,1.0456227414107881,0.9894288392610053
1.1710167485661387,0.989407579660716,1.029253798365481,0.9682030625070127,0.9920941995254764
1.0052948820951138,0.9597779883408045,0.9388841670514283,0.9599142983987935,0.9519100746494221
1.1001151368723925,0.7994219976839188,0.934984397885358,0.9451921444056031,0.9746588575107108
1.0521727276176693,1.093025228000488,1.0010691893301373,1.0175670750446462,0.9692879550560582
0.8983478930712508,0.888635532755239,0.9872013816830831,0.9884733387038218,0.9800297599653633
1.1150564444298556,1.0051298857212683,1.0317872966883956,1.0411771223576203,0.9800484452880002
0.8864581291267479,0.9097031726861028,0.9385013106044656,0.9399916140741517,0.9773830850235296
0.8533680577306108,1.084901540565805,0.930818406430743,0.9902850391299277,0.981371079938808
1.0080267725951018,0.8345454600556717,0.9394704003240469,0.9614622369617684,0.9827152111926897
0.9607312315548632,0.9975746140115547,1.014306140915219,0.9895102663249581,0.9492045324592405
1.173187184159934,1.0043590017880364,1.0271701679199516,0.9688838000390885,0.9827138055524712
1.10231518944879,1.0100472102355909,0.9854874494106165,1.0406053646669662,0.9612689720193534
0.9149378624129777,1.0491066553656057,0.9673403039731086,0.9996117583605133,0.9733348172196847
1.248759667324659,1.1371585901430863,0.9745828559973378,1.0144837968960996,0.9934570161019949
0.9035182180361307,1.03126009021391,1.0944050426894592,1.0269393298479899,0.9733161318970477
0.8961616402914202,0.9903932551521735,1.029227828187236,0.9404080495656901,0.9666412801142245
0.8881937381310944,0.9165995318190666,0.9307119939657938,0.9905380025880796,0.982713805552471
1.0012970887723545,1.0062214369739981,1.0603471290853876,1.0234217786734856,0.9907888445570869
0.9487970187752285,0.9625397638621928,1.0067879868507739,1.0284386342617415,0.9974837873027655
0.9566058058731614,1.295280453122792,0.9420033372377337,0.9912287036462977,0.962613103273235
0.9958860931713429,1.038901084570978,0.96433549050043,0.9664948251036178,0.9612876573419902
1.0477977371658058,1.0933580351018808,1.097908236908278,0.9819599181130032,0.976020268447011
0.9519877939825516,1.112274350153543,1.0387902808030145,0.943108084277008,0.9880660226844868
1.065706917082034,1.1504973452599303,1.0521167193245746,1.033924691569518,0.9773643997008926
0.8408052825282714,0.8950268572551143,0.9588302544546243,0.9980951678449139,0.9719920916060215
1.056471526293929,1.0315937724597073,1.082849558195273,0.9830373171470523,0.9558807898822824
1.042671890900996,0.9176040124279881,1.0257360193356952,1.0093730675755708,0.9720135882090954
0.9908586728345633,1.0712162824553377,1.0334368161698584,1.0196853518470261,0.9907701592344499
0.9500498029763449,1.0037829787158792,1.0582620285761,0.9607668509192463,0.9881047989699792
1.0324756216785502,0.9536595689803201,0.9401860195938749,1.0020988006938993,0.9572608861412193
0.9627710840980587,1.0414462941287783,0.9684685370916207,0.9778252858788852,0.997485192942984
0.9449401402395426,1.0283733734357718,0.9999503961404987,0.9780806273880671,0.9572594805010007
1.0059277088077863,0.9553732554278376,0.9912669790161149,0.9882130710914085,0.9907888445570869
0.9363545287067945,0.9212306772726155,1.024314631259755,1.0050554568439778,0.9826951202298343
0.9666524564641581,1.0479077161854442,0.989319331176516,0.9391825399450267,0.958583520792027
0.8394029174953417,1.049585992807888,0.9570920073508717,0.9993248549732275,0.9813724855790266
0.9916769712252359,0.8140939828374502,0.9741980454164181,1.0244083639213613,0.9880660226844868
1.0549352414170563,1.0500590382364652,1.028753486484812,0.9888755010842676,0.981371079938808
1.2250988648025742,0.9146285811738274,0.9971886245902407,0.9953270355038429,0.9907902501973054
1.0829717665942473,1.00177325003964,0.9034499039959759,1.033404655729007,0.9894087482981501
0.8294829512132376,0.8468553775615337,1.0455512435693968,0.9831965598648685,0.9853992567797973
0.9359221888894881,1.0931550704037054,0.8986860110618717,0.9691806091759215,0.9733161318970478
0.8493693418738933,1.195226900154988,1.1075618352361742,1.0021766749104752,0.9947796507528025
0.9566960006634705,0.9611811906876419,1.0117348327617925,1.014012964861759,0.9894087482981501
1.0348699903104055,0.9895354352519891,0.9989040210297818,0.9935458604677598,0.9693066403786953
0.8857684952785914,0.9218472466881535,0.9896289352760785,1.036506488510287,0.9572393895381454
1.0319390500431138,1.0808369372796458,0.966209159976996,0.9375555499328547,0.9947997417156579
1.0365804863360426,1.035801812543145,0.9955300226657413,1.0039936382228,0.9800484452880002
0.944222400579656,0.945873513996397,1.002497974344226,0.9190021658816975,0.9921142904883317
0.8453187799891941,0.9775941958550067,1.0295018636496172,0.9876709376650569,0.9277826011694152
0.89921005726728,1.061277879672913,0.9682007071782113,0.9658717854343385,0.9425081840733432
0.9978597454457346,1.0742607936309776,0.9017997549809337,0.9906782198717569,0.9947983360754393
1.0061938973849667,1.0975902067375891,1.0262297660375612,1.0470862677540171,0.9425081840733432
1.180174680235973,0.9016613818618063,0.9979977659576995,0.9865060341254357,0.9706493659923584
1.0024071704436421,0.8379463088502139,0.9640880202310633,0.9896869158415852,0.9921128848481131
1.1706096176175462,0.9947316014714297,1.0071377008497808,0.965391031744784,0.9693066403786953
1.0625158032506374,1.0039495512472654,0.9660459705789659,0.9754300201014914,0.9626102919927979
1.0024604385525406,1.095620599809887,1.0321427324376116,1.0226721941766035,0.9773643997008926
0.9405682018164728,0.9612477656778871,1.0301410001800557,1.0402500764194587,0.9894274336207869
0.893089177833952,1.0020793085051263,0.8865908902981742,1.0111068988224263,0.9693281369817693
0.9961514141166173,1.0409929496211006,0.9926211781686821,1.085213191075075,0.9947983360754393
1.0392188061261407,0.9579745717078524,1.0025131284150866,0.9518843978812267,0.9652971488603428
1.109635279599183,0.9978022855679074,0.913067957111526,0.9658445673573001,0.9773643997008925
1.054280355097791,0.9974770830821446,0.950475174331438,1.0132636835601387,0.9840565311661343
0.9467417565381656,1.0455732797371364,1.0581879940567438,1.0126505895123121,0.976020268447011
1.0516149424303247,0.9952394367207242,1.055732706196169,1.0431092704221263,0.9854207533828714
1.0033000940720112,1.0001202129564872,0.9934420569501562,1.0262311667117432,0.9800283543251447
0.9478855090361153,0.8975255712557976,0.9766455287838638,0.9908600768052631,0.9894087482981501
1.0614404933380945,0.8675608993341415,0.8793008813084757,0.9570845633230972,0.9800283543251449
1.0538801667936164,1.008400515183452,1.0409231271896675,1.0284539829926882,0.9465204868721329
0.9387706534882682,0.8785758536781654,1.0078661474648802,0.9770170501202632,0.9800470396477818
1.1314603600884332,0.9502315698732432,0.8916298234944846,0.9303877354551918,0.9787057196743372
0.9438405484009261,1.054023798835623,1.0039527016353564,1.0411776778540542,0.9693066403786952
0.8957340268374121,1.180345329454151,0.9488638948623194,1.0528177121461408,0.9639759198497535
1.0603003704270428,1.0454550218542276,0.9517092525815114,1.0095804709263578,0.9934570161019949
0.9028543935120918,0.9934448211011415,1.0030293639021792,1.0200635966158549,0.9625930123103795
0.9912352238441997,1.0323943941998388,1.0024091660340282,1.0520852946659043,0.9706493659923584
1.0662935733259855,1.0034512615538245,0.9748931986071969,1.0085203439256525,0.9974651019801288
0.8831721209089969,1.0688196347545043,1.0372903534070945,0.9711436548513608,0.9720093712884398
1.0069648611698274,1.0048992951286995,1.1058546031595782,0.9586192166198191,0.9773429030978186
1.0595757394884866,1.1394112033439476,1.1023210192538035,0.9570206529199636,0.9947796507528025
1.0570334610694212,1.0603252156213696,1.0469935592151223,0.9733732105861349,0.9853805714571605
0.9974954242841985,0.9126483833960654,0.9385188965174135,0.9938679617761663,0.9559167548873375
1.1171938832198978,1.0716700672672692,1.0722875537889225,0.9935132681221496,0.9921142904883317
1.0481916291788462,1.0444901158834894,0.9677798793680087,0.9791281153679715,0.9921142904883317
1.0569740148161035,0.9064099200970098,0.9910112121803346,1.0232145932328032,0.9706292750295029
0.8437594236542882,0.9597819674841036,0.940121314207645,1.0618336591502442,0.9773629940606741
1.051832000335687,0.9170803868092473,0.9630407932239228,0.9747881316827207,0.9921142904883317
0.8490308931012219,1.003910317923076,1.0102421377240645,0.9788206292750593,0.9652999601407798
0.9399322270994175,0.8812915667480153,0.9784827234409268,0.9172686080965909,0.9840766221289897
1.1295445658087993,1.0863631462225254,1.0401437254431336,1.0336654330057018,0.9827152111926897
0.8507068445799256,0.9135185035749961,0.905161668863152,1.0809713594112973,0.9626116976330166
1.1492707485425073,0.9054852541775419,1.0086897423390258,1.0706296631091659,0.9800484452880002
1.154495538242785,0.9495389894222931,0.928906750469685,1.026168631299206,0.9639558288868981
1.0461161719622594,1.0488763933104306,1.0478257920608904,1.0546627162700748,0.9304652411163045
1.0505220743562924,1.020229546044713,1.0344300163376383,1.027310949963088,0.9438523153272249
1.0003059464062447,0.9950432296013699,1.0514770739941541,0.9761340762927272,0.9760001774841556
0.9491406834601532,0.8807384105948832,1.0766048440426075,0.9667410497676697,0.9492031268190221
1.1421748711667659,1.0353368441067472,0.9703567535837334,0.9171225216563844,0.9625930123103796
0.7819493762923775,0.9075845623419084,0.9438453776832791,1.0484145554302122,0.981389765261445
0.8222119529867336,0.876790800026926,0.9942332102618734,1.0410948748671462,0.9773629940606741
1.1448008387028843,0.9730310670785921,1.0952954333248053,1.0113967787683,0.9760216740872295
0.9882333436116593,1.0021648565749954,0.9445677055798964,1.0210017228515107,0.9652985545005612
0.9313253362013424,0.9566931027390615,0.8637337089563764,1.043384107306768,0.9934369251391394
0.9840030981382049,0.964724781111508,1.0229490335292772,1.0117007257704225,0.9867419823934607
1.1128086102960635,1.0490859495380092,0.9005681841719703,0.9913016863847826,0.9545768405541115
1.1056843927097497,1.0820708388744598,1.033356018217151,0.9805979061095476,0.9612689720193534
1.1029855870755854,1.0462573085824858,0.9277523625759213,1.0285846549614501,0.9881047989699792
0.8546195055360188,0.9074063856300968,0.9973111065702536,0.9910740091030887,0.9693066403786952
0.9339093043464988,0.9695606282366696,0.936482023519653,0.9546376674993063,0.9854006624200159
0.9953850091118408,0.9343472793273084,0.9625650089603363,0.96187284786437,0.9505500693533407
1.0421880677595368,0.9020922836551983,1.2319270058829979,0.9737347221715861,0.998807827593792
1.0004358168625798,1.0876268963213742,1.0063409514929507,0.9343224954150333,0.9532313036600114
1.0041769729081471,1.1191373114611929,0.9666691371745323,0.9978698766567333,0.9760403594098663
1.0258196625641207,0.9039334062835473,0.9426623995146645,0.9278663217595075,0.9934369251391394
0.8941376483709075,1.125299667167245,1.1098695350144852,0.9859825325123085,0.9840565311661342
1.0456063209322584,0.885893457687736,0.9700075185762019,1.0302507308606388,0.9612717832997903
0.8538522071279121,1.0264877184651708,0.8819145771480352,1.0193820258520483,0.9505472580729036
0.7824591188221552,1.0451333348409877,0.9972641295844598,1.0297815719086296,0.9786856287114819
1.0291369218195165,0.9230485740755309,1.0212803981207148,1.0076514492329776,0.9666412801142243
0.8910691263044503,0.9250909009342226,0.993301837684059,0.9825195691375135,0.986743388033679
0.9320681906317747,1.082087725614358,1.0335733471649573,0.8980578873673258,0.9907715648746686
1.1240826002626987,0.9699552229708969,1.059421106933285,0.9832448000149985,0.9974851929429842
0.9024062758254708,1.035860225208544,0.9497822783516501,0.9495876525075551,0.9693253257013322
1.0280813675269562,1.0007731366218546,0.9376685237639374,1.0680965259359392,0.9719920916060215
1.1822230889931666,0.9973862252188567,0.9907136088388667,0.9764566313717394,0.9867433880336791
0.9422156314294848,1.1374704156550046,1.0516699092359492,0.9952185422400525,0.9478818978084328
0.7803747422248568,0.9957512068648424,1.0267515689317868,1.0582054266313372,0.9880847080071237
1.0028854515197694,1.0953670452666326,1.057079160762187,1.059168931714548,0.9907514739118131
0.8978067037197287,1.130843662227656,0.9918488212098968,0.9771168141251353,0.9773629940606741
1.0558116347254736,1.0594910754773967,0.8340157900983222,0.9788505646504716,0.9974651019801287
1.0030009432677163,0.9666127105103698,1.0151247918059054,1.0203870387431748,0.9679840057278875
0.9502245828231615,0.94955805027171,1.0574918770346928,1.0026198635459145,0.9867433880336791
0.9425228389474035,0.9050187520674322,0.96948739906071,0.955739273557248,0.9881047989699792
1.1372955403677738,0.9972446886506197,1.0404936479008413,1.0247980111814077,0.9894087482981501
1.1614663987233442,0.9163135355647288,1.0328884767217508,0.9865433989345023,0.9947796507528025
0.9548589612241518,0.9591259244563152,0.9812576791810017,0.9673782970805769,0.9934570161019949
1.1795568480693044,0.8888136270991361,1.000858657543773,1.0218659485199542,0.9948184270382947
0.9457171184294895,0.9934414904656155,0.9714428935010992,1.07813808450032,0.9787057196743372
0.8264854747565785,1.0375837867139377,0.9706155577031059,0.938666879982959,0.9840752164887712
1.0177915362734078,1.1868341858774691,0.9318006594447467,1.0880865205132557,0.9786856287114817
0.8526203895388479,1.0336227108457219,1.044242484393145,1.0026902163079698,0.9934570161019949
1.0605669017856574,1.0658043951161529,0.886878424768061,0.9544064002563784,0.9974837873027657
1.0122807610813733,1.0136186118017365,0.9237699182218579,1.0105661669991515,0.9813911709016635
1.0487990672235585,0.9284815956035214,0.9594571051684129,1.036102245239525,1.0028360044347813
0.9846799170551194,1.0879316184389396,0.9979489655895849,1.0209714957330132,0.9961223763664657
1.0461303094243264,1.082928513689636,0.9574298394234556,0.9395172813621114,0.9411668640998986
1.0199059982190584,1.1923638850769906,0.9661642011214331,0.925253467717845,0.9867419823934606
0.8116864386115149,1.0452244665539216,1.0862197361515584,0.9911139368755227,0.9894274336207868
1.120093600794549,0.9947693979472183,0.9029617373471693,0.9412695705439306,0.97335490818254
1.0000351066947404,0.9596119784629505,0.9704269872492114,0.9777116421047979,0.9639572345271167
1.2850919605835533,1.050635256325143,0.9061595296901849,1.019426900871327,0.9787057196743372
0.9918080932955512,0.9606434794428957,1.0350223936411473,1.0450819678174257,0.9840766221289897
1.095834135269641,1.2173866631296308,0.9447629732070771,1.0065978316647495,0.9920941995254764
0.9904060590012999,0.9300784376210988,0.9896230742330945,0.9361517116205506,0.976020268447011
1.0759866936976148,0.9134428174460574,0.9920361414460658,0.9992665547255108,0.9961223763664657
0.8905838085504948,0.9203537160587626,0.9620711312785191,1.023707280094545,0.9733348172196847
0.9975394672116655,0.9467530528821422,1.0898574281479185,1.0129153637812154,0.9693239200611136
1.184395133215063,0.9973979981768132,1.102589555453949,0.9601540221204511,0.9907916558375238
1.0171610387559449,1.1937015243366222,1.0024070222170103,0.9624518749791601,0.9947796507528025
0.8473233560640324,0.9568205728468072,1.0990984781634474,0.9907595892586315,0.9572422008185825
0.9682303913602858,0.9899877433864909,1.0223395588417699,0.9624814402942896,0.9800283543251449
0.9952286242146159,1.0293469799217083,1.0838393515071565,0.9801004357352954,0.9961410616891025
0.9977343441581088,1.1129636413082278,1.0574029699542862,0.9768639852629566,0.9746775428333477
1.0450266663437566,0.9575523119947417,0.95281130087788,1.0597638213625151,0.9719734062833845
0.7725670697473257,0.9150014901805343,0.8505263711484464,0.9959952905542151,0.9492447143849513
0.8988301746596158,0.9722874087764446,0.9609908134784193,0.9768216068299242,0.9639371435642613
1.113983535136066,0.9950708609893,1.0341893689145512,1.0583052577536403,0.9773629940606741
0.8955551440110572,0.8198737677752421,0.9073077000438602,1.0412915179340119,0.9693253257013322
1.051726368164489,1.213840739669467,0.9637781992309173,1.003401895245948,0.9652770578974874
0.9003440544513577,1.073198760820733,0.9542383181656429,1.0006610797509203,0.9921128848481131
0.9629673071983088,0.8808700618837512,0.9805958801127973,0.9275310621983488,0.9706694569552138
0.8599513162794846,1.0789603519247184,1.0044013620624501,0.9569492689315927,0.9719906859658028
0.8569846572508896,0.9199340175388099,1.0375729674160463,1.0076876061954472,0.966621189151369
1.0032646285823508,1.0544196716038141,0.9054916137380981,1.0503062372652523,0.9720121825688769
1.010483581393325,1.0033793964893793,0.9823571589827299,1.0883662552204552,1.0014932788211182
1.0058750626958246,0.9493761370830797,0.987738859765776,0.969507194127247,0.9746574518704924
1.0125705162912748,0.9146168775312324,0.9879440723793118,1.051585077458503,0.970650771632577
0.9928482676426984,1.0473300856044607,1.0219456892521142,1.0227721435180575,0.95187129836393
1.0494965778697136,1.1367451887735873,0.9478825995431802,0.9632553111178469,0.9974837873027657
0.8979680339144875,0.949525990336136,0.9429725801334949,1.0356502500661242,0.9612689720193534
0.9498915681708413,1.1829983811073777,0.9753401974346942,1.0132851796347175,0.9693267313415507
0.9440369581904999,1.0337192414968295,0.977320193094092,0.9729373386440006,0.9465190812319143
0.927324955108833,0.9842474156279029,1.061580385785868,1.0237812893715341,0.9961223763664655
0.9651027991099258,0.869106883154676,1.0252343833287816,0.992881995200854,0.9518899836865669
0.8554485488225307,0.916303800899599,1.0565316396815942,1.0035432834090203,0.9666571541564241
0.8885244623146804,0.9943940181583912,1.0335825724766312,0.9310357572050435,0.9907514739118131
0.9452077487067454,0.8687397106542758,1.0067440227648565,1.0304117199127714,0.9813724855790266
0.9317459272916823,1.0335729747853293,0.9073405240294206,1.0613521822916572,0.9545754349138931
0.9429797552802544,1.0342207120412406,0.9045808084017609,1.0693332891170928,0.9746962281559847
0.947356907315972,0.9241728397303629,0.9952663709170532,1.005415719297605,0.9679826000876689
1.1045396929653768,1.089522413609544,1.0425988409096238,1.0158782515377034,0.9652971488603428
0.973253398404019,1.0018463819148793,1.027163762522248,0.9939887641963309,0.9666197835111504
0.9432036863972916,1.0921205161868146,1.0258425371526225,0.95678621868075,0.9746761371931292
0.8879612122148781,1.0008314496672,1.0580116568703484,0.9781517837334219,0.981371079938808
0.9794864692137335,0.933030809746329,0.9843039058881895,0.9384333622749755,0.9693253257013322
1.1809899324050495,0.9258082219629492,1.1771285207765663,1.0341740949756302,0.9800297599653635
1.0588025527160083,0.9947169846582476,0.9428853855513765,0.9685921616914487,0.9827152111926897
0.891011240619878,0.9145539460152556,1.1663325635266693,0.942601456508532,0.9921128848481132
0.9895930395612991,0.9965292044674364,0.9916004142706016,0.9925521298527785,0.9800283543251449
0.943411478577391,0.9484384256100475,1.089859670720352,0.9600137465373754,0.9880660226844868
0.8828975240912466,1.0599779031938574,1.014597538704869,0.9844618644807467,0.9934570161019949
0.9765399305872386,0.990676755101119,0.9685890144949264,1.080019700844397,0.9867620733563158
0.907757721868249,1.0816920706912259,0.9605656778580091,0.9710780897490612,0.9920941995254764
0.8028269949796841,1.0538331639336467,0.9419107532763427,1.029434979682296,0.9853992567797973
0.8953746195488171,1.0178991774995887,0.9270244678128303,0.984971226031032,0.9974651019801288
1.0464633814841044,1.1249778901407304,0.9881582451304242,0.9747539686256317,0.9572594805010008
0.9568609656650707,1.002360992929271,0.9098058335164065,0.9845681533319495,0.9532154296178116
1.108626394405103,1.0840097540983087,0.9702799171390892,1.0009549109489222,0.9719920916060215
1.2020071193201598,0.9937138173603836,0.9597765327008791,1.0026674655054648,0.9679653204052506
0.8535867197347383,1.0691696953095455,1.0955080079723474,0.9824460495298368,0.9519100746494221
0.7043847974040702,0.9340239892080978,1.1237559963305925,0.9544366326495078,0.9559569368130485
0.8981288432555377,0.9917788812577246,1.0439254608752564,1.0821852946716908,0.9760202684470108
0.9382296262447559,1.050728033005152,1.032844067759906,0.9494244004593034,0.9961223763664655
1.0302839449746526,0.9946824590265386,0.997614256512918,1.0281364214237394,0.9840565311661343
0.8113356785007415,0.8690779041997683,1.0288879329963492,0.981655822591922,0.9760001774841556
0.9976634348902272,0.9479949640165852,0.9108165594340822,0.9593445469477859,1.0055214556621077
0.9424947546408348,1.0044725348938952,0.9339543297558918,0.977093378955214,0.9934556104617761
0.9500121384147654,1.0699939209751739,0.9665175447271049,0.9780073377908803,0.9920941995254764
1.2257662476662203,0.9115575948017289,1.1278467984536937,0.9630432197907077,0.9666412801142245
1.1354700959929294,0.9591925705031203,1.006958855081184,1.0078343119258797,0.9639572345271167
1.0500004584806228,1.1381548256994423,1.0639581369874045,0.9709283674086941,0.9867433880336791
0.9214466489501452,1.0961224743337592,0.9915421616027272,0.9996851102848194,0.9934369251391394
0.7774166526600745,0.793600587695599,1.1045441874386734,0.9953869261108356,0.9760202684470108
1.0552780786238527,0.9109405643334901,0.9647165071799982,0.974938975156006,0.967985411368106
0.8443166192853833,0.875595158848755,0.9818242371041583,0.9676610738442444,0.97199349724624
0.995766293875341,0.9045172169082498,0.9911487843052005,1.0158540217260297,0.961251692336935
0.9587093263352298,1.0331064796923521,0.8505803818112136,0.9360788500475906,0.9800484452880002
1.1340961375105463,1.1394902012877413,0.9357177803342337,1.033085043404046,0.9545740292736745
0.9484964781626991,0.999726171363158,1.0371267222678326,0.9468446899979664,0.9773629940606738
1.006645030884389,0.9206013148063334,1.0313925857376516,0.9600132383851594,0.9639572345271167
0.9545541539258909,0.876288435246334,1.0253244988122054,0.9912981846646329,0.9947796507528025
0.9850290861771261,0.8185224987148401,1.0589477831040077,0.9377029499129971,0.9947796507528025
0.9376834188215357,0.8498499111024358,1.1034525821078356,1.0223440165926494,0.9880861136473422
1.0322131332380435,0.8770315768806328,1.1079519880888908,1.070847483482467,0.9853992567797973
0.9334323435847127,1.0132360242602405,0.9347131759804089,1.0412047020617254,0.9800484452880002
1.1132263910829074,1.189825030522124,0.9622732275416562,0.9811850816806322,0.998807827593792
1.0145278959207886,0.9974486094076215,1.0259173041328118,1.0386759345726693,0.9773643997008925
0.8940111920926934,1.1199221519485998,1.066539835552594,0.9387344420608802,0.9652985545005612
1.0483717306766842,1.053980235665517,1.0600124664876676,0.952489914920848,0.9398241384862355
0.9329612732533782,0.9672530764213634,0.9308708029519716,0.9915116664091448,0.9599276520459087
1.0696356693896825,0.9542918486048254,0.9608829708060841,0.9900016664774157,0.9518871724061297
0.7680552013403886,0.8700639391063097,0.9593118422702376,0.9763842721793643,0.9559195661677748
1.0065768253038414,1.0023744875190705,1.0123220442191005,1.023959491804606,0.9800297599653635
0.9036034876217691,1.1141694515499518,1.0680797697814282,0.9525995805270968,0.9894288392610053
1.100472978646496,1.0060543461709162,0.9530586032698011,0.9823305155489334,0.9907701592344499
0.952393416603669,1.0981947282417557,0.9606976789149613,1.0508425176338494,0.9894087482981501
0.8930804707457815,1.0178182273954557,0.9570266367701411,0.9427632292012873,0.9585821151518084
1.0046033430757682,1.0565417840078706,1.0387915703209192,0.9994066073240392,0.966621189151369
0.886737092925476,0.9193750527123774,0.9648440073149868,0.9631079809410398,0.9438738119302986
1.0512591143459544,1.0374577024855942,1.0065330010117663,1.041540803356372,0.9666197835111503
1.00703581651226,0.9277335445246717,0.9017559440809544,1.0319995274458,0.9961223763664655
1.0054424736294483,0.9931916333724223,0.9350455023195696,0.9497117773113914,0.9666571541564241
1.0059380846350297,1.0431119197414245,0.9768759939578019,0.9742119352330219,0.9800297599653635
1.050434920636672,0.9733850984237669,0.9639081426905677,0.9756485952088684,0.9773615884204555
0.9960282998974728,1.0324628822714232,0.9938579916291966,1.0611294693273843,0.981389765261445
1.0436251060348452,1.0832729696433472,1.0032301694983505,0.9200493956605948,0.996142467329321
1.1665545270398963,1.0492299196641524,1.0226029789937097,0.9561656857497455,0.9800498509282188
0.7292137889184758,0.9152086612122381,1.0330077921392855,0.9995174246525587,0.9706680513149953
0.9364205100249066,0.9497280339806785,0.9626478140856833,0.938981478862161,0.9773615884204555
0.9478383710448052,1.0743170539619578,0.9959597282734073,1.0450946034905344,0.9853992567797973
0.9919429420535102,0.9309668923148797,0.9458996749342621,0.941631871034357,0.981392576541882
1.1042369635468707,0.9657822184788372,0.9977600452685463,0.94658790170654,0.982713805552471
0.9327065291111747,0.944986088160119,0.9893776290071836,1.0199614365856868,0.9773830850235296
0.959089716926242,1.124613944226589,0.967141841699115,0.9724368534923641,0.9599276520459088
0.945354859057859,1.086160789199861,1.0307551439041085,1.0636834864406188,0.9639558288868981
1.1134611077008831,0.9579519085107137,0.9748086286968765,1.013037633802386,0.9840780277692082
0.9403474446044003,0.9492073683382951,0.9943188183384948,0.9627284509196737,0.9733348172196847
1.005827502818792,0.8797357584085412,0.9272452240019216,1.0024624075303572,0.9599262464056902
1.0467576955876206,1.076295079799658,1.002621493246293,1.000947234885388,0.9787057196743372
0.9509644705721207,0.9565475976916874,1.1221307573881303,1.0007192915052108,0.9599262464056902
0.9920364174614571,1.0526605685885122,1.1022287826221575,1.0871581572427942,0.9894274336207869
1.1857637840078903,0.8069667178660691,0.9655614974103677,0.9873497636474001,0.9880861136473422
0.9803808401738077,0.9468371605042991,0.9983857248795373,1.02064495858311,0.9706680513149951
1.0253955553572172,0.9844309633027362,0.9962510765568461,0.999738561471104,0.9853992567797973
0.9792717690390892,1.0364471212096351,1.0342971361030908,0.9282946483586908,0.97199349724624
0.9977188721033383,1.0852589642139543,0.8882582006982728,0.9996189146946046,0.982713805552471
1.066835853127392,0.9946414945764394,0.9678780236938334,1.000870115403048,0.9840579368063529
1.0020835679006879,1.0020027188135863,0.9846339002794664,0.9759457808724286,0.9425109953537801
0.9991177624120484,0.9773149976663608,0.9460813707618096,0.9744021290698834,0.9625930123103795
0.9515312064278986,1.0137083559626336,1.0524912847503607,0.9605862818079541,0.9558980695647008
0.8950322282598647,1.1946074299866767,1.0253353319522562,0.9145552550862206,0.971972000643166
0.9977865949755034,1.0752649766987281,0.9371816085994945,1.0213092289528969,0.9827138055524712
0.9993120107565451,0.9584990865163387,0.9304312187003313,1.0520847095413055,0.9854179421024343
1.0383990112766308,0.9138985776016995,0.9608892472829029,1.025410359394892,0.9719920916060215
0.998017063298008,1.0478302007707045,1.0582435055299846,1.0319579913339016,0.9250943386616519
1.059325132312866,1.181189057000329,0.9649701807395087,0.9551005633500433,0.9625916066701611
0.9113520439813119,0.8419937488848546,0.9673285039675614,0.9751683765511296,0.9800484452880002
1.1227518831252505,1.0350506267298805,0.9942502944845736,0.9927060478523452,0.9626102919927979
0.8819633429050171,0.9232381056636286,1.0189922431252718,0.9604014992407023,0.9652971488603427
0.9821586739426816,1.126529179420939,0.9656818868219753,0.9347916559512003,0.9974651019801287
1.0006109617384478,1.070266837039706,1.062994319854744,0.9738652778508078,0.963953017606461
0.8920739601417356,1.0879467311951556,1.0162505986750794,0.9791797857919609,0.9679639147650322
0.9656901935256881,1.1430423915220793,1.0275601495887616,1.0589507017688955,0.9947796507528025
0.8927745716290146,0.9527928928098124,1.02882511378926,0.9969212044750583,0.9800484452880002
0.9970847816367808,1.0893417963133165,0.9695184793408708,0.9983291704697013,1.0055214556621077
1.0011149037991602,0.978688274932383,0.9508222402043904,0.9913767714845344,0.9639558288868981
1.1172937533674,0.963590783024869,0.9757789815410985,0.9993342272010476,0.9800498509282188
1.0021970878857243,0.9490351684809876,0.9344334005646763,1.0365592701205235,0.9626331942360903
1.1118200145547303,0.9110642974959549,1.0000650817507304,1.0308096905087702,0.9853992567797973
0.9301736549358803,1.147042799405233,1.0235379171048575,1.0761312551159459,0.9854207533828714
0.9422214586806799,0.9984743063742488,0.9324799035844944,1.0565736065533478,0.97199349724624
1.0011359858531867,1.0803325922563494,0.903404684048759,0.9400041220033182,0.9800283543251449
1.0012799856088492,0.9545543182107882,0.9673471456370314,0.9759037381473237,0.9666412801142243
1.0051760819814242,1.0986344693614833,0.9174130196467248,0.9894536487550719,0.9907514739118131
1.0524631405528178,0.977986152371281,1.164101903008242,0.927638727215474,0.9867433880336791
0.7542795255340463,0.965575862347295,0.9069176019195969,0.9994619896750441,1.0028360044347813
1.0459747521927814,1.1095827128649767,0.9670294065737184,0.9580376243549207,0.9880861136473422
0.9943431851077007,1.0689387033964368,0.9913145899371404,1.0334233425025574,0.9840565311661342
0.9469932064605608,0.9953815273242834,0.9826357827095921,0.9592226490857765,0.9827152111926898
1.1079285281727085,0.9102928176384817,0.9307202467868279,1.018604938217239,0.9559008808451379
0.9962398414847812,1.092641953998278,1.0733163905357084,0.9816241713508523,0.9760001774841556
0.856112375957858,1.1406283267302892,0.9996274473762257,1.005211333834206,0.9518885780463484
1.0314556992182295,1.1370603988745933,1.0341676204270762,1.0207301672461617,0.9385029094756463
0.9980687089285496,0.9262780464683801,1.0191467287881104,1.0178057897512074,0.9867433880336791
0.9916987306026793,0.927155155315973,0.9538918545138578,0.9583556005680767,0.9559181605275563
1.047717220677117,0.9996936638446994,0.9999843838892751,0.9643075587508086,0.996142467329321
1.054484482531109,1.036287846298237,1.0415549495197096,0.9376087381931075,0.9934369251391394
1.0103294367195763,0.9979659835411363,0.9735768048264053,0.9701667063785024,0.9800297599653635
1.0095995456687927,1.0879962750159018,1.0632092204669912,0.9808328854999695,0.9652784635377059
0.9961592696273252,0.9896751469777928,0.9996681927206051,0.9095341588832356,0.9934369251391394
0.898668154970508,1.0429514164058913,0.9098155035621306,0.9348501525688928,0.9894288392610053
0.8489464636663129,1.0542885408237737,0.9900837239959326,1.032527364094728,0.9920941995254762
1.1202042343259906,0.9410366723267458,1.0639414384815336,0.9159565311436394,0.9787057196743372
1.174932827711454,1.0478649524975188,1.0778880795828887,0.9993272402371277,0.9787071253145556
1.0591247460303184,0.9844076103491171,0.9413337030940893,0.9658768988638763,0.9451763556182512
1.0138046432627665,0.9953423184049177,1.0742537651673898,0.9571115420386397,0.9786870343517002
0.9982483761962784,0.9052835126510478,1.0591201323681065,0.9928226335178836,0.9827152111926897
0.8305533921551205,0.923253695946443,0.8717057067962571,1.059494093501946,0.9746775428333478
0.9231224446349016,1.1862781214155091,1.1060172218877413,1.0551415226390568,0.9961223763664655
1.064010793087999,1.0630311078822048,1.0330610382483385,0.9879633332030021,0.9572608861412193
0.9974504744250279,1.0279325671641597,1.072649181707862,1.111832717093278,0.9907514739118131
1.1101223645229858,1.0367116619836017,1.034499359961797,0.9981075051483373,0.9840565311661343
0.7981770422666815,1.000459966412895,0.9867199323671655,1.0022269301620599,0.9840565311661343
0.8518947642595123,1.0437646983450068,0.9100303627046025,0.9627984385967233,0.9693052347384765
0.9589130434530649,1.181785269717247,1.1163049576286097,1.0750802382887719,0.9344733269944383
1.0425705619091596,0.9792566194201356,0.9654390655215424,1.0259653308402623,0.988104798969979
1.0587508075522187,0.9576005158729962,1.1000680813198558,0.9814880277253842,0.9706666456747768
0.9613617478927639,1.010416255221158,1.060558979434083,0.9228642441866277,0.9813911709016634
0.9290439336055029,1.0172315378909595,1.0121134459087038,1.0228079947067548,0.9746761371931292
0.8509451606890394,0.9128791235748384,0.9408676732750014,1.0116897872154254,0.9733535025423216
1.0419365308983275,0.9556548452407443,0.9300973991699912,0.9880640665702272,0.9773443087380371
1.0748571168107401,1.088688789801553,1.0164461251111276,1.0375397889808131,0.998807827593792
0.9933479369862078,1.05265066590169,0.9728480982784259,0.9994069166423915,0.9720107769286583
0.9169402786199881,0.994736012236961,1.038091804099758,0.9947262173973496,0.9518913893267854
1.109745291776233,0.9985059430865547,0.9406416964901284,1.0214677254442635,0.9090175963027495
0.9552638396951054,1.0880702821279946,0.9118314220775662,0.9343710658372563,0.9907902501973053
1.2053355898793203,0.9136451777393487,0.9448143813438782,1.0111368262817437,0.9786870343517002
1.1967810945365622,1.000388509217915,1.1291881463594002,1.0060626653883642,0.9827138055524712
0.8941200064336545,0.9162708415346439,1.078246041476443,0.9691251848414676,0.9478604012053589
0.890726243047478,0.9456447601385749,0.9387608700277444,0.9617515912959115,0.9358174582483201
1.0517617040078588,1.143140289466008,1.1037211879550923,0.9802039106321692,0.9666398744740059
1.0613766131201796,1.0062247799241208,0.9017066782406745,0.9854358658892679,0.9773643997008926
1.0463983540810426,0.9061508688969167,0.9895214386397,1.0456649025885172,0.97199349724624
0.9500070296407322,0.953173750184261,0.8775715355058331,0.9756883057859558,0.9773429030978187
0.948990909575333,0.9074895601229489,0.9753042443476911,1.004893273124614,0.9639544232466796
0.9456549764856577,0.9166496559651413,1.0326579259447166,0.99652790837742,0.9961223763664655
0.8985379515643972,1.0041960266750005,1.0354848345086762,0.9357348194525054,0.9545754349138931
0.9989119495356638,0.96801057786194,0.9631451642171569,1.0074329716671209,0.9478790865279957
0.9148015848043353,0.9941402161084523,1.0261828012231144,0.9524016431391042,1.000150553207455
0.851729860533588,1.0222420214724,0.998419154458877,0.9550913614194396,0.9840565311661343
0.9524769289630053,0.9886973436006455,1.0346751830304293,1.0089050683346887,0.9719920916060215
0.8464092233275591,1.014141064387973,0.9715687266472798,0.986103361534477,0.9666412801142245
0.9828112854235246,1.2193907382317675,0.909385620600892,0.9765122587962861,0.996142467329321
0.9970846630932348,1.1371619733813196,0.9445616701295919,1.0334123681374408,0.9572608861412193
1.0984318228399634,0.9866344280877558,0.9694741412776152,1.0454165575330092,0.9572422008185825
0.9544362367816699,0.9510087649424577,0.9675500320593216,0.962080331791294,0.982713805552471
0.9913739590912778,0.959360193621569,1.1083247202896696,1.0163973566112974,0.9719920916060215
0.9239098623437819,1.0544002892799602,0.8752536932241303,0.9566904024926872,0.9947983360754393
0.9007669624871687,0.9113736586687541,0.9964645225728178,0.9654705472038073,0.9746775428333477
0.9106566296908775,1.0145349547554354,1.0628503896318686,0.9157854785575905,0.9411883607029725
1.0345334332275444,0.954286274910064,0.9950118898562456,1.0050754962967172,0.9853805714571605
0.9502696005367526,1.0101842890797168,0.9892646033123292,1.008819587540053,0.9813911709016634
0.9904011057020147,0.8041785266241286,0.997700498214744,1.0102535524049847,0.9612502866967165
1.0640288897790622,0.9174861369292706,0.9627655273176489,1.0426127610068932,0.9787057196743372
0.8995290118699788,1.0990442360506376,1.063729940906903,1.0336617413283515,0.9894087482981501
0.9527794909659593,1.2544721426214045,1.0665946154311035,1.075299682889522,0.9800297599653635
1.270289593882405,0.9151808488803109,0.9880202028005693,1.057765689775661,0.9679639147650321
0.9734963759028247,1.0951679441467177,0.9591346426726423,0.9768689412036522,0.9612703776595718
0.8025207378459773,1.1146450545813134,1.0592119599852579,1.0186539355239115,0.9760001774841556
1.0559828406119425,1.1334776190157367,0.9710969734386957,1.0707198346495994,0.9934570161019949
0.8561729280511166,1.032827167471304,1.066459250330457,0.9880634373150675,0.9679639147650321
1.0048911615886147,1.0457984449798017,1.0742401599730762,0.9779356110331437,0.9586036117548825
0.9481111234684745,1.048269034411949,0.9304861071332702,0.9747264392885591,0.9612703776595718
1.074400985452613,1.0395175808250428,1.0200294171673707,0.9887018712035551,0.9880861136473422
0.996665519912402,1.0003943278507301,1.1225680081412803,1.0022484244199745,0.9894274336207868
1.0648395152175232,0.8815723795493662,1.0306971584008673,1.0123410728860383,0.9853992567797973
0.9764233843992146,1.0095367378243372,0.9230821889175255,1.0050628062738693,0.998807827593792
0.9513172460839702,1.040743179002966,0.9946222394687637,0.9879549262080115,0.9438724062900803
0.9350041776687084,0.9652643629994984,1.0698441564531842,0.9749757958052359,0.9599463373685456
1.2483079472184926,1.0027031668337392,0.9307844312355862,1.0449296716597156,0.9639773254899722
1.109653564450105,0.9210654459323869,1.1017199467516776,1.1356799538668523,0.9599449317283271
1.1031303616451065,1.0550001895072996,1.090521061102536,1.0997079658475246,0.9907514739118131
0.8428671860242859,0.9279048078149386,0.911980950406957,1.0213610596793867,0.9800484452880002
0.8380154314382705,1.0717997220180362,0.9430060828955031,1.0007754727125628,0.9907514739118132
0.9824982190173119,0.9530503945351595,1.0755446837413312,0.9848103706997937,0.981371079938808
0.9527891445285989,0.9227520247374592,1.0012182949364135,0.9699766040397867,0.9746761371931292
0.8281610105225994,1.2010898356395006,1.020294189393357,1.046877444435918,0.9974837873027657
0.9866140298236183,1.025848578255403,1.003144443703256,0.9304966362089073,0.9586036117548825
0.9532301699238322,0.9981384841348392,0.9867255155711582,1.0511690957788191,0.9693052347384767
0.9475454017837546,1.1775021656381444,0.9991057687347858,0.9516971603244809,0.9679625091248135
0.9543620962498989,0.9323039581759448,0.9691341925198406,1.0509921638091595,0.9786856287114817
1.1814837321111886,0.8300939714189789,0.9879773799818307,0.9849549935615775,0.9719906859658028
1.0561729154042239,1.0406719308162813,0.9761916393757831,0.9932905714358277,0.9693253257013322
0.9945866288337338,0.8803947102611738,0.9677149737340197,0.9386633874172028,0.9612703776595718
1.0401206114084978,0.9253202659292578,0.933606517525554,1.002017757485311,0.9786870343517002
0.8519114677960872,0.9653602974257696,1.0566181225058169,0.9785347692702902,0.9746775428333478
0.9952814512415242,0.8862010605062426,0.9388770368646112,1.0438966094197655,0.9693253257013322
0.9441516684053544,1.098520587530874,1.0297915853225812,0.9782910093693198,0.9666398744740059
1.3654054692316824,1.0063765995660052,0.9677303677633591,1.0117532467241706,0.9773615884204555
1.0283079351145286,1.0452723652867322,0.9759792069473221,1.0131031790718668,0.9317677848042567
0.9438781732278697,0.9569630429871989,1.0303207169645334,1.0362244566634211,0.9746775428333477
1.0487728665341576,1.0297818032588006,0.9992583650776621,0.9554141003279664,1.009549632503097
1.05168223139767,1.1900646836124589,1.0222035357200416,1.0134399168266064,0.9826951202298342
0.9314892419755828,0.9589830424728828,1.0300607198091059,1.0625045519100758,0.9746789484735665
1.0007590023986177,1.0778506404163484,0.9761686377573869,0.9978947076840081,0.9719920916060215
1.0615266173195923,0.913120645612561,0.916557637954619,0.9696053885483618,0.9558980695647008
0.9558882114598882,0.94688659793464,1.0868051988570586,1.0406984761122329,1.0014932788211182
1.1171564163078145,0.9555651040954428,0.9087481154186997,1.0105941109919045,0.9961410616891024
1.1221387424741203,0.969523213762588,1.0177527116908935,0.9697736466291461,0.9706479603521398
1.1667858173137884,0.9563401784143836,1.0634633760629562,1.0380849791528541,0.9733334115794661
0.8853494777852028,0.9401444510747639,0.9935333554794057,0.991462824574029,0.9800498509282188
1.16503037337687,0.7907380866927131,0.9655313605075971,0.9467142368620709,0.9800484452880002
1.1554441421442552,0.943488116215774,0.9457168870595082,0.9541431575494764,0.9478618068455773
0.9434118099814559,0.9125877516763037,1.0042628732013796,1.0047641210402412,0.9411682697401171
1.2138935970894136,0.9888157962633269,1.1014679835562338,0.9454960878790254,0.9733549081825401
0.993073188923685,0.9579863759592416,0.9220904525093134,1.005200647118076,0.9840579368063529
0.9472522736732752,1.0569294230254094,0.9235145667981489,0.9816241645145865,0.9652985545005613
0.9138145083128206,0.9529864397109045,1.0365079583224692,0.9145164469897458,0.9612689720193532
0.9980256914296617,0.8894699748545435,0.8965789994808148,1.0495419543528424,0.981389765261445
0.9932810738118443,0.9616426949687863,1.0834137409525268,0.9793499301791397,0.981371079938808
1.1600153451888633,0.9727609979913652,0.9496296770061153,0.9695765539792659,0.9719920916060215
0.93925028542037,1.0633664976240975,0.9662816878713665,1.0173086116124044,0.9746761371931292
0.9951490700961165,1.0391977127611793,1.0547397174824817,0.9835796776160834,0.9813724855790266
0.9453909745795511,1.0471533748323645,1.0295648719220865,0.9988508903505838,0.9492045324592405
1.155754495028782,0.7603212204148574,0.9629993551208861,0.97814448425135,0.9679811944474505
0.9906232240999415,0.9430307675801254,1.061423876651272,1.058220740803471,0.963953017606461
0.8609637367560071,1.0981800178482635,1.0663226624361144,1.0549193361011076,0.9773615884204555
1.0975451980442734,0.9098214217624875,1.0327950193749649,1.082115457281796,0.9291010188995673
1.0005560435993088,1.0804012026427683,0.9546607717230443,0.938932483017197,0.9934556104617762
1.0547500650022106,0.9947479686381122,0.9385186530781068,0.9859292472300916,0.9867419823934606
0.7333148950296282,0.948544942617932,1.0025675356187111,0.9952995433672661,0.9693080460189136
0.9941126428401804,0.8078223511218132,1.0178319728683503,0.9140338509982157,0.9920941995254762
0.8560523122922703,0.9980527427267587,1.1249297080528078,1.0427203913145202,0.9894274336207869
1.0471192998211407,0.8927135915941876,1.0846174640217092,0.9238689391332569,0.9840565311661343
1.1023191864632345,0.9891506378851644,1.025318898601609,0.9996350209566728,0.9679625091248135
1.0718970242482508,1.0881357146371846,0.9272354718472463,1.0262005189930619,0.9974651019801288
0.8459919763791272,1.0391337157432847,1.0519364082973874,0.9740936582482917,0.9934570161019949
1.0209771284415103,1.003935610946614,1.035147616566294,0.9902817824756089,0.9706666456747768
0.9921051194859268,1.0467755368887088,0.9655483082816328,1.0316307737981012,0.9572608861412193
1.1169917742554596,1.0364407990667923,0.9827416778966838,1.0143365489485945,0.9679639147650321
1.2644473887059606,0.9007171156642497,0.9454501259567467,0.9876943235114178,0.9612689720193532
1.1195238579440192,0.9275989741740247,1.0005759023840983,0.9970199742403442,0.9947997417156579
1.1523202195994613,0.9139281054630942,0.9342514098368279,0.9458635603689264,0.9974651019801287
0.8969998013322938,0.8838826724723152,1.0029978496910246,0.9187939082748656,0.9706694569552138
0.8944323566084811,0.9922599797864704,0.9537611615894313,0.9871019783061744,0.9746789484735663
1.2746320813431071,0.9554991787069999,0.9581417317789362,1.0308022280086644,0.9652971488603428
1.0480823764699925,1.1609948545952353,0.9662322690419529,1.0189941359292836,0.9625930123103795
1.0029088295465032,0.9853740611634622,0.9731317481874245,0.9891060268670113,1.0068641812757706
0.9920996223304149,0.910065069284972,1.0518910003427364,1.022595729958975,0.9827152111926897
0.9071184253617514,1.0826392065191788,0.9335914348621127,0.9997101376602788,0.9760216740872294
0.9071589960373402,0.9160793686542476,0.9602625826988327,0.9978398205105957,0.9639558288868983
1.0007447611413787,0.9619348752424917,1.0669229467759658,0.9816241645145865,0.9693066403786952
0.947106903976436,0.9647612879256745,0.9935768791416033,0.9768639852629565,0.967982600087669
0.9533680661447058,0.9170599162919022,0.9668278804265401,0.9968857629522151,0.9706680513149952
1.0499813097909594,1.2429669352679467,1.0354466466192078,1.017149048835183,0.9505458524326851
1.1735755142845807,0.9725881239542903,1.094313611430237,0.9536216896928801,0.9639544232466796
0.9962141066349087,0.888313924849766,1.05862016920897,0.9989296908864581,0.9572622917814378
0.8684914531575807,1.0016909844263542,0.9777152238617444,0.9095331280412122,0.9719906859658028
1.0492230536904898,1.096398200961366,0.9402828989275053,0.90602205296459,0.9920941995254764
0.88907407285858,0.9983025832788422,1.035454981194096,1.0327717630006612,0.9827152111926898
1.0514842458054094,0.9496514557802589,1.0091502148325695,1.0537024747637598,0.9746775428333478
0.9890574522104755,1.0859804499650474,0.9948406429176748,0.9542923141548009,0.9692879550560584
1.1676852788175722,0.9882285695452129,0.8856811556136531,1.002234048213584,0.966621189151369
0.8084014790795462,0.9722554583324392,0.9620212225729207,0.9853915348488909,0.9840579368063529
1.105282389177653,0.9556664364880579,0.9944288852392067,1.013171088419544,0.9894274336207868
1.1163649004303806,0.9209916846845008,1.047068788084657,1.0332594182761872,0.9786870343517003
1.052173697933146,0.9930721084908235,0.8995323321184773,1.044658693166823,0.9625916066701611
1.1211927035109401,0.8792042293235882,1.1059253996382203,1.0481528030643006,0.9626145089134536
1.1014647477446196,0.9584839643440562,0.9755844550521605,1.0626831482986674,0.981392576541882
1.0454822660022787,0.9545968467409841,0.913393988908831,1.0187031566080382,0.9639357379240426
1.0507269951569398,1.0003692511704971,1.0303654840493994,1.1140339949439522,0.9787043140341187
0.8476570113848816,0.9471292979029466,0.9806013014270332,1.0211747342503683,0.9746761371931292
0.9963367954402128,1.0940011540602093,1.0291856708818037,0.9851816271872055,0.9706680513149952
1.043707263347891,0.9877545683499196,1.12756756317848,0.9955548654278437,0.97199349724624
1.1030597229861117,1.0379783773596831,0.9404213384144378,1.0749035525782495,0.9867419823934606
0.8536001551009758,1.0120092297092507,1.000942593046347,1.0797261302532484,0.9652971488603428
0.9348037627748071,0.9046025412259412,0.9782961374801161,1.015851705240002,0.9867433880336791
0.8426054649507646,0.9930744845704514,0.9933784387952376,1.052394018199078,0.9947796507528025
1.0505724815924042,0.8796809437043245,1.1044339739386126,1.0037168720030252,0.961270377659572
0.9986946586516301,1.0367752276473496,0.9906773302774272,0.9798102622015689,0.9813724855790266
0.8889507199253271,1.0807917116268422,1.122139358611972,1.07067508836794,0.9438537209674434
0.9895860051843473,1.087548099274721,1.019982902120341,1.0049178330533997,0.9558793842420639
1.0598863265728728,0.9513702594699474,1.0406795798492559,0.9491773050710497,0.9733161318970478
1.056356423172334,0.9960214781416241,1.0024903865659993,1.0022486891489226,0.9840766221289897
0.9545138753172286,0.9893432072582845,0.9676402503298738,1.0749421513956738,0.9612918742626458
0.8822511246732007,0.9757285001373773,1.095003213691326,1.062591914289851,0.9894288392610053
1.0509647416267602,0.9029511537026018,1.0661743617047827,0.9278795005000593,0.9773643997008926
0.935634175333314,1.0416750576781864,1.138758430652546,0.9939630800391863,0.963953017606461
0.9854709537207552,0.9242825162075583,0.8462112205592123,0.986072780986998,0.9451763556182512
0.8941623273612455,1.0843683271257352,0.9919238702468495,0.9957683933567513,0.970650771632577
0.9384758295452444,1.0985032006358355,1.0939476022641828,0.9961105950776183,0.985417942102434
0.972354254285386,0.8689555582465456,1.080017798488823,1.008581261309382,0.9786870343517002
1.0511480289118584,0.9543460692027581,0.9589422094536257,0.9859286863819671,0.9666412801142243
0.942207101261774,0.9568902743548582,0.9691828136048936,0.9613099583529335,0.9988265129164288
1.0497973825782192,1.0410167257619627,1.0259634699488216,1.0284685483467688,0.9920941995254764
1.047520203395271,1.2242168616309719,0.9920209272448994,0.9588720153394829,0.9867634789965346
1.0309542058256798,0.9602154886647954,1.0103582198634011,0.9403979738344406,0.9787057196743372
0.9152657310798651,0.950920553645282,0.8954164036451503,1.0352461979497125,0.9733535025423214
1.3647059471537335,1.0016558938790079,1.0380370733483069,0.9345719772190046,0.9693267313415507
0.9926367468738118,0.9215530076319999,0.9922624110256033,1.030598136703354,0.9679653204052507
1.0438046372959895,0.866871594233016,1.0249894205029044,0.9671015927917876,0.9746962281559847
1.1041125183187668,1.0234738662969207,0.9687941959296724,0.9848170403252869,0.970650771632577
0.8824821574573429,0.9242898461569509,0.9973868835410272,1.0623831555320036,0.9344560473120199
0.8895858349357634,0.8799839805723482,0.9743759243044825,1.0119487082853937,0.981389765261445
1.050832792185564,0.9057356994438988,0.9634631016019083,0.9964421057353654,0.9880847080071237
0.9002044452774709,1.0829958416837135,0.8189575034575914,1.0208287700672516,0.9840780277692083
0.996597587942645,0.9469303369604677,1.0643513295711404,0.9899283142423417,0.9854207533828714
1.1890544964684917,0.9490520661752895,0.9959270680184106,1.0201758410652402,0.9586036117548825
1.1160928420338174,0.98454816489334,0.9689235309337895,0.9566024982581122,0.9934369251391394
1.0463878763790544,1.0039293168423415,1.020042295494546,0.9495885589815919,0.9988279185566473
1.23866612010488,1.149752686768975,0.9988558451920566,1.0086811160183886,0.9706493659923584
0.7995454910568591,1.0379771694219726,0.9777795444528822,0.9720054461938779,0.9719906859658028
1.1230683612468912,0.9216519385726126,1.0592473807901344,0.9919776365439786,0.9599061554428348
1.0020339136922385,0.9939307025360115,0.9399400930747654,0.9494452967370742,0.9465204868721329
0.9404961912283254,1.0451938100142848,0.9003263576400432,1.0119410140328404,0.958583520792027
0.8994464612331536,1.0510297566035642,1.082943890880419,0.9772562083326292,0.9706507716325768
1.2370484596606657,0.9681134690656733,0.9714735464241228,1.0669098888189696,0.9451936353006694
1.0484770124138996,1.0905199682486166,0.9072250304110002,0.9842158161695849,0.9612689720193532
0.7237097522698971,1.029257215733936,0.9166500963322759,0.9937309192919053,0.9760216740872295
1.048887190731677,0.9947584279399768,0.9969374310762699,0.9965483658286227,0.9773816793833109
1.0694052538965553,0.8410601352464633,0.9800722542362107,1.0364392164269007,0.981371079938808
0.9857611542362016,0.9872762322786907,0.9332066948711714,1.0011479440558086,0.9894274336207869
1.001518146459015,1.0158848605270767,1.0610632365599901,1.0134252683210172,0.9733334115794662
0.8560000407812639,1.027108441590192,0.9668392574406691,1.0038913599068615,0.9894087482981501
1.046021165855028,0.8533858515708522,1.0876875814278397,1.0212837760403524,1.0068641812757706
0.9873917487451701,1.0081983668632701,1.0000961197235239,0.9749980806392141,0.9331119160581384
1.0211382940099762,1.1349178539536342,1.0029846070892976,1.0156760687103603,0.9827338965153265
1.0873930507011345,0.9733352027859735,0.9625873318073777,0.9901384759912004,0.985400662420016
1.0099775108267577,1.1346813027165765,0.8739103576035538,1.0530420943019978,0.980028354325145
1.0607098444332215,0.9550832222278043,0.868815321971111,1.0730632398634794,0.9612890629822087
0.9510781719244387,1.0949858275428204,1.0282390713401364,0.9890518333007406,0.9947796507528025
1.0536532847256135,0.9972263002805964,1.0478879890247386,1.0266960646899588,0.9840565311661343
1.0333535567046368,1.0368129162750552,1.0323725023165733,0.9799761218107055,0.9626116976330166
1.044309702094044,0.9362197443476505,1.018150544752048,0.9939274288551144,0.985400662420016
1.0068400068266754,0.9551086603124785,0.9690614914056336,1.0376100495926717,0.9572422008185825
0.9993669039895279,1.0045724652597774,0.9866571509590433,1.0636095781933457,0.9746789484735663
0.9984655630364014,1.1482610078106688,0.9480856554910857,1.042249361439824,0.9719906859658028
0.9937664250836696,1.0513779899932556,1.1757493325749144,1.1335088615929227,0.998807827593792
0.9412877589294617,0.9561746068294575,1.068324881008086,1.0157950201896384,0.9880847080071237
1.0551310952687112,1.0759267235863246,1.0053676412900898,1.0669316946105865,0.9492218121416589
1.1079205209257097,0.9217073139784686,0.9853629872064598,0.9980943257551443,0.9706507716325768
0.8677249064384518,1.0570283353647232,1.031107460387204,1.0161205366548995,0.9545553439510377
1.208846689928687,0.9835377354146578,0.9002984566498212,1.0113258777836902,0.967985411368106
0.9402012925787331,0.9180939051208084,0.9689958615988757,1.0024179068897892,0.9559209718079933
1.0263259758839778,1.1122394971331948,1.0035400727033386,1.000715213025576,0.9800297599653635
0.9404225401951123,1.0030784472894232,1.0681291801180115,1.019950260238028,0.9572622917814378
0.8410996415070149,1.029152589237409,0.937719022048215,1.041106376220146,0.9786870343517002
1.0001366119746122,0.9106510528702799,1.03759150999331,1.0592748718039333,0.9907514739118131
1.0423391705372305,1.0369860964546782,0.8743168574438805,0.9673267948902402,0.9693281369817691
1.056106187910797,1.0031995797569735,0.9956747662391269,0.9887375510991525,0.966621189151369
0.9536257334533583,1.042194050740301,0.9637499381891524,1.0786640799845728,0.9894288392610054
1.106092458050096,1.0792011655404172,0.996249586459898,0.912297553365173,0.9840780277692082
0.920243596882881,1.09413239938964,0.9317358150620599,0.992838894585632,0.9733348172196847
1.0941157563585833,0.8881382562016714,0.9897203155593639,0.9372056390617592,0.9733348172196847
0.8897102642404544,1.0009317274462437,0.9667775304033541,0.9414614109516242,0.9867419823934606
1.0523745649192013,1.1411871217552356,1.0208870365704361,1.070989363197533,0.9385029094756463
1.0079559159924,0.972444713737568,1.024284870028225,0.9798604729894835,0.9947997417156579
0.9058068662299376,0.9843360367689173,0.9030804751940147,1.0267928952184222,0.9840766221289897
1.0592866710238475,1.0786314868928844,0.8750311721325222,0.9775553191531785,0.9813911709016634
0.892434177319557,0.9157871396564499,1.0267382132943248,0.9806199027984402,0.9719920916060215
0.8788804196091659,1.2360326450400145,1.0154119171154095,0.9531413111048246,0.9827324908751081
0.9528724619616684,0.9529664186774414,0.9111418306376893,0.9670832727492759,0.9894475245836422
1.178866168987251,0.9609059891538742,0.9702870362536621,0.9673035440892311,0.9786856287114819
0.9399931258417202,1.0023308099354244,0.973019818030063,1.0852297460224933,0.9974837873027657
1.0507611483810864,0.9115182206020375,0.9760605838330585,1.0171874988312077,0.9679639147650321
0.8951715047224706,1.1297133044835883,0.8742634439727112,1.0238359631656073,0.9331133216983569
0.8916602705089874,1.0007830648642992,0.8716314056694531,1.045969812387998,1.0014932788211182
0.8877218153418452,0.9466159484353164,1.0278151701293297,0.9521534845796074,0.981389765261445
0.9970702606974662,0.9922580943016145,1.001848631159037,0.9863382827559473,0.969346822304406
1.2272963064642468,0.8759837571252841,1.0361847297809452,0.9950142990271531,0.9706493659923584
0.9710944146693165,1.0329052229303834,1.1058062634356491,0.9911831840650436,1.0028360044347813
1.1957662663172317,1.0451397066954942,0.9963780758184346,1.0166768861545146,0.9800297599653635
0.8161288232743972,1.0427969411285563,1.0035118745355818,0.9885365886324279,0.9693066403786953
0.8998357394229688,0.9626766389060213,0.9622310777586287,1.045325282048491,0.9867419823934607
0.9998383785148842,0.8033845465453479,1.1640281339953635,1.0200239558176807,0.9693267313415506
0.9397416560385672,1.0484639424101452,0.9919310695567201,0.9968259915113511,0.9733535025423216
1.235960846288469,0.9467865955154217,1.026051163622509,0.9713463963747505,0.9719920916060214
1.1351657406860576,0.8872317020924401,1.0118920214420248,0.9873941469180437,0.9666225947915875
0.9392010054441554,1.0389808713098296,1.0699973976546244,1.06402300156263,0.961270377659572
1.0034311979843527,0.9176389710267726,0.9400804252053226,0.9869616926691295,0.9666398744740057
0.9972556356136025,1.0526215624649835,0.9366412159205327,0.951009284968782,0.9934556104617761
1.0072768496781366,0.9323673321280541,0.9184301915826365,1.0972503592567333,0.9880660226844868
0.8958116338016261,0.9563191868406109,1.0020335524515356,1.0427846731415222,0.9867419823934606
1.0473928074582053,1.0239692496881305,1.0629741339055612,0.9751862998084342,0.9478618068455773
0.9954685718684751,0.8908667123498022,0.8818936886240129,0.9622282588132194,0.9746588575107108
0.9672977982044059,0.9943422365906641,1.0300653008874714,0.9317938914232935,0.9706680513149952
1.075887680974726,1.0305814889088818,0.976808911673812,1.01296796502285,0.9881033933297606
1.1840055596208097,0.9214503150071685,0.9373758534698302,1.0263371289119252,0.9773629940606741
0.8584468534115735,1.0037276603818892,0.9973350041286614,0.9937662116262513,0.9787057196743372
1.0607070127865326,0.9850662501122395,1.0880178780807979,0.9753427455099415,0.9451964465811065
0.9700373262693956,0.9965231164836011,0.9991507957374618,0.9517819215315494,0.9827338965153267
0.8411542255745839,0.972057270129615,0.9646675646415653,0.9881552667830255,0.9720121825688769
0.9001156403422067,0.9510387980905941,0.8437583695525803,0.9870447817908674,0.9894288392610053
1.0656956841048177,0.990715336147885,1.0278937602388678,0.9819366365488605,0.9760202684470108
0.9979433563886835,0.9120027611002987,0.9981896226972523,1.013853473804089,0.9465190812319142
1.1298549756462148,0.9554369812802054,1.0580774208386414,0.9530789195983269,0.9934369251391394
0.9430663120609212,0.9123516555621145,1.0319492946019948,0.9939218597472426,0.9800283543251449
1.256268936082903,0.8782173862566347,1.0286904272273443,0.9977996085529783,0.9532513946228669
0.8984088588462097,1.0093474932101074,1.0303595545021875,0.9689828461966229,0.9532298980197929
0.9169218877431626,0.9601285009139557,1.0467655109813616,1.03479329731464,1.0055214556621075
1.24657967487489,1.0504102462063232,0.9773915333844492,1.016067178748535,0.9545740292736745
0.9977883819827926,1.2316474132834456,0.981225693678175,0.9484723792680622,0.9786870343517002
1.0397209276310684,0.843658003832519,0.933940655769329,0.999473738041377,0.9961223763664655
0.9887619009334931,0.9658549149804381,0.9676307967855187,0.9674243504762162,0.9840565311661343
1.3420519126568475,1.1002155346956595,0.9999115129873132,1.039416359388488,0.9639558288868981
0.8363080650263949,0.9320825904757568,1.0068061358831297,0.9453867313286651,0.9559181605275562
0.9940305451311263,0.9004430162992858,1.1034236092967884,0.9924567028621387,0.9760001774841556
0.9968661552636942,1.0391863611232126,0.8712266708778911,0.9574203215258069,0.9840579368063529
0.8927561780513131,1.050930446483997,1.0016642025000415,0.9704271977037501,0.9491872527768221
1.065464169579006,0.9988030027015848,0.9590103139063463,0.8957130547356597,0.9840565311661342
0.8958585803949741,0.9510058681830009,1.0318363586419472,1.0752110719208456,0.9652971488603427
1.0514084660324396,0.8646228330506198,0.9532905328060188,0.9521339484284762,0.9920941995254764
0.9619286114955635,0.9189307865673844,0.9878594898190777,1.0459671323915527,0.9827324908751081
1.076246948955492,0.968678510435249,1.0540787262758475,0.999369923259727,0.9760216740872294
1.1892104371321075,0.9992437608529178,1.1072173567680712,0.949586594749373,0.9800283543251449
0.9927024583677072,0.9964641458750447,1.0407014012316538,0.9880539716086608,0.985400662420016
1.117090196241128,0.9797996736890138,1.0597912330412613,1.0698798620912608,0.99077015923445
1.0448659493379588,1.0009104258853485,1.0271259866925857,0.9375313930574074,0.962613103273235
0.8078323310954042,1.1209160843425423,0.8810934795800864,0.9834790508426905,0.9720107769286583
0.9784168055275639,1.0810987998167887,1.029019623599257,1.0499180687446743,0.926437064275315
0.9893616981545886,0.9523102807018815,0.9918156410300341,0.9962584306644914,0.9706507716325768
0.9363275811229843,0.9972722455120443,0.974163431786631,1.0827518356972246,0.9746789484735663
0.8923063032224157,0.9569768020685633,0.9615123245897748,1.0639511790653908,0.9559209718079933
0.9405875864397458,1.0956531983474227,1.1029948732777912,0.9869555078905485,0.9867433880336791
0.7834566582589594,0.9516174950735158,0.9032141028276897,1.0191886350166441,0.9559008808451378
0.9422142791168729,1.086374508373241,1.0050936273127813,0.9859988918922373,0.982735302155545
0.9848155178310567,0.91337082333212,1.033208187079495,0.9686983379075388,0.9720107769286583
0.7918052792563959,1.0264622202223657,1.0036792752513064,1.0304200625540034,0.9518885780463484
0.9949340596298346,1.0778924885471945,1.009665534089491,1.0952308980609686,0.9706881422778507
0.9906897433998745,1.0084970695273028,1.059204981677663,0.9891665467258675,0.9733334115794662
1.1704667749032451,0.9930023653306845,1.0547686074035796,1.039810044535466,0.9545768405541116
0.9339262223239684,1.0486463676406717,1.0016251100005056,1.0447205890905062,0.9827152111926897
1.046756423101688,1.075920883257062,1.0044258351404316,1.037993702774506,0.9679639147650321
1.1228564257986091,1.039271333023606,0.9262883803556125,0.9750933896479792,0.9867433880336791
1.0432726032708943,1.0811491782541842,1.1423127957839339,0.9855550248968843,0.9438565322478805
0.9933166123527208,0.9073533830468127,0.9935767869797716,0.9414258884623172,0.9947983360754393
0.7713366135808009,1.1231688963628617,0.997241909298413,1.0020415249671641,0.9840780277692083
1.177155868337985,0.9973225596062449,0.9755428364498702,0.978816888789719,0.9572407951783639
1.2668898891668527,1.044072340481162,1.0712957816361333,0.9603866877513865,0.9693080460189138
1.0515324149345837,0.9841572480254227,1.0350351088518372,1.0378400637758218,0.9385015038354276
0.9671773377942059,1.0969386821695968,0.9960660330413945,1.0023392506471527,0.9599276520459087
1.1691294820583782,1.0846334496633945,0.9443148691917914,1.0431908034136488,0.99077015923445
1.1159535574498427,0.9554555704029819,1.0646623383958125,1.0472278464577345,1.0041787300484444
1.0059422046718747,0.9543456984987678,0.9995998469673258,0.9585693079322952,0.9706479603521398
1.103820146865996,0.9187500205379325,1.0042134299392669,1.049844112709097,0.9867419823934606
0.8108882711271039,0.9110624395089598,0.9634974515725301,0.9016737391096377,0.9853992567797973
1.0478186452276972,0.9638458346322097,1.0116020942590056,0.9970932809513071,0.9840565311661343
1.4229816105373352,1.0463150841254352,1.000589146074551,1.0610179512065794,0.9545768405541116
1.2257477743586194,1.1879916413542506,1.1012255002072031,0.9387394631631909,0.9867419823934606
0.9523652464916728,1.0006052902624514,0.9817606778564665,0.9587639438871793,0.9304624298358674
1.144424463521252,0.9053871108020304,1.0229617896857928,0.9265006903209325,0.9599248407654717
0.860246455144149,0.9024774090876794,1.0256220227096953,0.9682368987971651,0.9572622917814378
1.1303956764633778,1.0772258775390962,0.950151968079346,0.8933813363995141,1.0082069068894337
1.1838383290553465,0.9323263285683359,1.0158571525584217,0.9715276429642389,0.9693052347384767
1.0999934750835898,0.9890518802204723,1.0652959720569217,0.9831181962870189,0.97199349724624
1.0111196080201248,0.8573329820354425,0.9622781128238539,0.9992428101195786,0.9518899836865667
0.9952245049424169,1.005340103297402,1.0587343714194943,1.0262205335404597,0.9612689720193534
1.0754413184921399,1.1145347082914556,1.001695317211319,0.9597178620101695,0.9639544232466796
0.9545117633478836,1.1242727112248843,0.9332974337584676,1.000881416963556,1.0028360044347813
0.9359951970058528,1.0404804673751693,1.0284759286043732,0.973218488397798,0.9505472580729036
1.2113818881571996,0.7476838345138144,1.0308809554831564,0.9549197165486791,0.9706694569552137
0.9935659084538954,1.1461129167367776,1.0615930942999146,0.9835297702960893,0.945195040940888
1.2008054145860645,1.0463335397669427,1.065929980703,0.9412359441211396,0.9746775428333477
1.043582732115763,0.9650122091143329,0.9429921615569327,0.971773774583228,0.958583520792027
1.0007321080741678,0.897424545110081,0.9463764162696962,1.0158055261407064,0.9505472580729036
1.0444912900404588,1.079673945194406,0.9958476076039686,0.9978712323145769,0.9880861136473422
0.8478117350399903,1.0066067747310088,0.9966489344665743,1.0039506886678136,0.981371079938808
1.0531442652893277,1.0013317936311414,1.0245168356935574,0.996877681239412,0.9706680513149952
0.8963835506239674,1.1380360494579354,0.9745178722197587,1.0241283246622843,0.9733348172196847
0.7402876902963412,0.9626629582878565,0.9774578622389691,0.9877301581399593,0.9518698927237114
1.18481311564617,1.2163280620140267,1.019806150580416,1.0050533461985782,0.9586036117548824
1.0536287815039036,0.9642020029281363,1.0139460660450264,0.9968698964278493,0.9746962281559847
0.9259716594994453,1.0379051226822427,0.9036507436763174,1.1068501633785086,0.9880861136473422
0.9444475124784408,0.8335905635952986,1.0317747117193767,0.9814572203752224,0.9639558288868981
0.8501199501677276,1.037334292943678,0.9853643484116638,1.113080237666127,1.0068641812757706
1.0018808712085887,0.958583462064005,1.1324926554620396,1.010428311544538,0.9894274336207868
0.8456448432148767,1.1090144506233883,0.9922635535452414,1.0183428656682258,0.937135875978472
1.0674318354644654,0.9209255038966296,1.10015772975735,1.010399176727931,0.9760403594098663
0.9995785344339603,0.9450584725616079,0.9974722316218388,1.0356226165659639,0.99077015923445
1.1849245952165934,1.0880961223503922,0.9904906269471994,1.033960974276677,0.9746588575107108
0.9821868218210996,1.0892854597368256,1.0783763337063104,1.0819902077371235,0.9920941995254764
0.9836863948699612,1.048158638117145,1.0639617226511897,1.076586415273172,0.985400662420016
0.9953089388075487,1.3581890051407801,0.9581962960941599,1.0285336594514052,0.9693440110239689
0.9904784621418277,1.0415042143774271,0.9652426899529366,0.9468402108912989,0.976020268447011
0.939216790279615,1.0107778693752099,1.063933869350508,0.9528638740477925,0.9974651019801288
1.0422263014547923,1.1237388003260136,0.9686918167676475,0.960096235958321,0.9760202684470108
1.042274560925833,1.003536995852926,0.9804845906707391,1.0036748230064791,0.9572221098557272
0.8403616250830137,1.121450823401661,1.0318832379504055,0.9711322153082741,0.9907715648746686
1.1292541980386555,0.9968694889942586,1.0027811964539644,0.9467091592285384,0.9733362228599032
1.0570726973666977,1.0100607901176843,1.0401910273614756,0.9808191588220277,0.9679625091248137
0.9871369812540208,0.9070530962772673,0.9319776126144158,0.9807925801385982,0.9961223763664655
1.0564936987939397,0.9133636121702907,0.9969670635570816,1.0254118405422248,0.962613103273235
0.8999461764874088,0.9641543351989454,0.9504331745544927,1.020438650376785,0.9800498509282188
1.0504977946440297,1.0406773866740873,1.014114370705526,1.0117668021430692,0.9518899836865669
0.8037445020076528,0.8927234322486503,0.8942142643451321,1.040145266586113,0.9773615884204555
1.1228860098571882,0.9257299052318753,0.8767464090563064,0.9403280642253793,0.9773629940606741
0.9392216290287162,1.0843507055228723,1.0545957443030889,0.9910684624014233,0.9599061554428348
0.9009605974750559,1.0462737148745171,0.8790154253634098,1.059427885411485,0.9585821151518086
0.8593749155928797,0.9085823041240754,0.8808039600908169,1.0823656855422363,1.0028360044347813
0.9940512674982781,1.1386968628097276,1.0218828113386886,1.0526160530934099,0.9532513946228669
0.9894766891295417,0.8359239231432299,0.8507708077102594,1.0770783604067635,0.9733362228599032
0.9522600595809726,1.2055861946307167,0.9305563300299469,1.080691259263372,0.9934556104617762
0.9748140046319302,0.9980783659133985,1.0871759053146004,1.0257383851167163,0.9733348172196847
1.187467287711602,0.9179552750298857,1.0683676721465747,1.0429671749066591,0.9894288392610054
1.000828508335106,0.9678712608826988,0.998312913051802,0.9855407556679585,0.9706493659923584
0.9274644987381524,1.088218394050191,0.971115155996446,0.9784014385861499,0.981392576541882
1.0486966046343564,1.0028318785186625,0.9974884174926817,1.0862436464292209,0.953214023977593
1.04483330033762,0.9982946163734933,0.9676655031574515,0.9777287255091668,0.9559167548873377
1.076374209964725,1.0420679314220065,1.0588453635873971,0.9979192759798713,0.9719920916060215
1.0447867383323608,0.9230194234408097,1.0623212842625147,1.0059038217699703,0.9706493659923584
0.7951680038926987,0.9988113731819266,0.9785950273497085,0.9550397703974105,1.0028360044347813
0.989293604545185,1.0042858412775588,1.0542115493403632,0.9612101160380236,0.9894274336207869
1.0565571260747206,1.1467712355302677,1.0019020303851212,1.028516142366878,0.9693267313415507
0.8221760297231249,1.0307089034577424,0.9965317070337448,1.0313323022267402,0.9867419823934606
1.0638378023090576,0.9035548764631546,1.0026762072495328,0.9815700402226026,0.9626116976330166
1.0499925964596484,1.1469120789013718,0.9924095082190901,1.0324631726157867,0.97199349724624
1.0786256798267706,0.9752108126510576,1.0146051625957224,0.989089953273641,0.9237502074077701
1.1713518784412977,0.9869298982510378,0.9591181497537687,0.9752082775660341,0.9666398744740059
1.1256420805026326,1.1308722763578885,1.0755050944939404,1.0931581174496925,0.9666412801142243
1.0183155588509156,0.9609274937823675,0.9801897021136309,1.0942060321480156,0.9813911709016635
0.993640693277982,0.9608966730406255,1.0145629465035626,0.9963559757928532,1.0095496325030968
1.006091989378189,1.014000420895923,1.0021022174565999,1.0007983080941374,0.9639343322838241
0.9014712876494079,1.0378097919747873,0.9976015247485748,0.9467292878474177,0.9880847080071237
1.0064058182710673,0.9718255605106252,1.026850883588644,0.987080245735751,0.9881047989699792
1.13083454633506,1.0511723898642678,0.9987584876464808,1.0638062115967157,0.9585821151518084
0.9414529808191887,0.9420079199571965,0.9839642344736781,1.082048285770451,0.9612717832997903
0.957506525863914,1.043775459815921,0.9033717940994253,0.9755192035227498,0.9907514739118131
1.4153434684517041,1.0451618552105726,0.9827059196158091,1.0464260910488814,0.9652784635377059
0.9044724919732244,1.1685164455445674,1.0263363270767916,0.9491661203861352,0.9934369251391394
0.9446253312160948,0.9282316882349003,1.0248400154321946,1.0048525345794765,0.9746962281559847
1.117788474319651,0.914932693269442,1.0331206702084867,1.0245016940762424,0.9787071253145556
0.9535659900514852,0.9382689557918137,1.030808380666449,1.0089045765181188,0.9545553439510376
0.8374486118693276,0.9359965723527804,0.900277766511018,1.0048189434631085,0.9773830850235296
0.9903231717957035,0.9985824365599406,1.1411622425095753,1.0114090224177676,0.9934570161019949
1.0564287271901087,0.9891078097866711,1.1699886840122196,0.9306143430567966,0.9599262464056902
1.1859492247752774,0.9979452709132387,1.020130295302857,0.9530481713803483,0.9653158341829795
0.9920040631235771,0.943623751038903,1.0014781827370398,1.0396375197921153,0.9720135882090954
1.2597022986365747,1.0083241819361102,1.0622024715994702,0.9797177623731805,0.9746976337962032
1.0530436280414028,0.8561780045179489,0.95060273158795,1.0485545439982031,0.9706680513149952
1.1214755045726732,1.0359379063254641,0.996401565047559,1.0273503004995344,0.9961223763664657
1.011264895282027,0.9981267257906045,0.9396263886448962,1.0721602766000045,0.9934369251391394
0.9096222533083395,0.9924559529284263,0.955157931718822,1.0086997785412242,0.9773443087380371
1.0063085618455954,0.9138809080610979,1.0605649596554338,0.9969707659281815,0.9358174582483201
1.018733519751778,0.9977628797460975,1.0032198540617068,1.006486478323689,0.9988265129164288
0.9443999762001798,1.1259163876332952,0.9951655848131761,0.9696995592882556,0.9612904686224273
0.902700864449996,1.1211422575773464,0.9930179536310405,0.9880364807373924,0.9840579368063529
1.0028155646154018,1.0449045357174918,0.9406998934370916,1.0011447715036998,0.9907514739118131
0.987991036801045,1.0431787550249958,1.0240889938987017,1.0087824547232365,0.9653158341829795
0.8971855370681532,1.1469462581102887,0.9310908987601167,1.0217985850876148,0.9505486637131222
0.9997979123716785,1.1964050930939558,0.862681426361794,1.0495961916746437,0.9719720006431661
1.0423953295048758,1.0524299244502573,1.0072849643484367,1.0764753998522367,0.9733334115794661
0.9961653787981093,1.0550598401904565,1.0048293956263576,1.038713956446592,0.9840766221289897
1.2410698967004767,0.9354995171560039,0.9336385520339052,1.0258453336617943,0.9733362228599031
0.9405840818987501,0.9134111542448995,1.058531039209146,0.9280636216360756,0.9733348172196847
0.994156346598705,1.097776855961309,1.0323404280652282,1.009205917331418,0.985419347742653
0.9932755137196173,1.1027679898722602,0.9443420410079095,1.0073359443633076,0.9947983360754393
0.9663707014877226,0.9950519950209704,1.0278881199382564,0.9993683050087308,0.9854006624200159
1.1251304514931477,1.0055363911230935,1.1027947807879654,0.9933103074295434,0.9746775428333477
1.0427329525615705,1.109057717310244,0.9196371364798851,0.9305027693144868,0.981371079938808
1.0567745198781966,1.0278763624147327,0.9927777192808388,0.9949102124823144,0.9880847080071237
0.7957010546312823,1.0231401378263074,1.0846932095213662,0.999631351110063,0.9652957432201242
0.9563990273587212,0.87320785508493,1.0206542850089289,1.0146735933839934,0.9706306806697215
0.9915182769397645,0.9152123665049114,0.9366591496142317,1.007446793461129,0.9800297599653635
1.1474914353167573,0.9660567170112803,0.9741868145698085,0.956247430201219,1.001511964143755
1.00443532268256,0.9439407371489688,1.1024049050521527,0.9937116141600301,0.961270377659572
1.143099786845126,1.0089010423452562,1.027170039458397,0.9390191008193858,0.9773443087380371
0.8959344093705551,0.9692758699022411,1.0273277314701963,0.9663683940652513,0.9746775428333477
0.8991299140169657,0.9611377252149884,0.934659313399477,1.0238480657325657,0.9653186454634166
1.0050391557172196,0.987872921962208,1.028427055559187,0.9627195096219081,0.9666197835111504
1.0465813848271401,0.994991545430119,0.9815690261414708,1.0425438963937308,0.9652985545005612
1.2579667337935676,0.9969473656646222,1.0996652694280016,0.9593888458955628,0.9947796507528025
1.1184619218318381,1.0062196568610065,0.9985452844289185,0.9587280156882295,0.9853805714571605
0.9904280721107982,1.0746673346699405,1.0320633057754096,1.0267353393197787,0.976020268447011
1.1656517961136965,0.7420454068154433,0.9371378216866874,1.044786188619581,0.9800484452880004
1.112282397910641,0.9568340163438581,0.93300698257814,1.0312827972214473,0.9760375481294292
0.9869845089431939,1.001033223461372,1.122348588082936,1.0488294703873084,0.9867232970708237
1.1108062775830958,0.9148297310703364,1.075494303516529,1.020173623129855,0.9921128848481131
1.0584161409075918,1.0331597610213659,0.8804076076114015,0.9157918924486176,0.9639343322838242
0.9975122193163235,0.9167973419247257,0.9746539080748976,0.9684835512691801,0.9746775428333477
1.1000709344933628,0.9487126781987302,1.0431134432699825,1.028039148048228,0.9894087482981501
1.3010795840280358,0.9793010617969456,0.9685906936470483,0.9041231176618426,0.9907715648746686
0.8776459493650707,1.0669478194910458,1.0983648114453002,0.9592526902035943,0.9666398744740059
0.9991328066357769,0.9321620853466459,0.9895152157502299,0.9563161547574696,0.9720322735317324
1.0512647047905406,1.1382171745247749,0.9704396837184621,1.0007638542303046,0.95187129836393
0.9910778638335148,0.9931055794533482,0.9203523878422469,0.9386919104284314,0.9947997417156579
0.9207473219143215,1.0500410779626497,0.951089314691084,1.0455893159246017,0.9773844906637481
1.0937367632947836,1.048278540077631,1.0427355665665443,0.9562005821069081,1.0068641812757706
0.9471527518639472,0.9469143044528175,1.053173927798372,0.9797986192643283,0.981392576541882
1.060544569286999,1.0538984047962028,0.9084466107066401,1.0664478570168052,0.9693253257013322
1.0040282923207737,0.9160189913675002,1.0347241793497648,1.0203782961663388,0.9867419823934604
0.9732061634426673,1.1173179552615915,1.0052865518202976,0.9656859197084724,0.9867419823934606
0.9447566278763407,1.079881790188064,0.9048463604021578,0.9749513624221514,0.9947796507528025
0.9444626749914089,1.0972858778779198,0.9488918976650884,1.0158887469968998,0.9760188628067923
1.0023115577716986,0.9808992627615315,0.9410661337578867,1.059259716870465,0.9559008808451379
1.114193309508256,1.0796381691004004,0.9540155341761295,0.9642307199838981,0.9974851929429842
0.8350228629476953,0.9972695951092916,0.9879158497142568,1.0065055326404682,0.963953017606461
0.8836676150522134,1.0002461338120217,1.0007934054701164,0.9738191306290483,0.9786870343517003
1.0458701709959661,0.9813584384441608,0.9079000874447846,0.9562552660248962,0.9921128848481131
1.001136722554104,0.9842687808968076,0.9411669750119753,1.0342610003377872,0.9853992567797973
1.0635600847316484,0.949275777006898,1.0317005414653406,0.9951258231511174,0.9693066403786953
1.001641688362664,0.9145633192418582,0.9303125597013395,1.0189780412298706,0.9545567495912561
0.8894953908866157,0.9981767473790282,1.0119751366824765,0.9766016598857648,0.9706493659923584
0.9487160580886773,0.9539555858141004,1.0214413153682929,1.0492375275795498,0.9625930123103795
0.9405719793488703,0.9507862784403404,1.05095693652431,0.9345397928709127,1.0014932788211182
0.7943544621985796,0.9042673981905694,1.0504050012385293,0.9537662813878139,0.9974651019801287
0.9018800542926049,1.0462851046075656,1.044443652970726,0.9861276422043168,0.9679840057278875
1.0649334260478502,0.996292728346726,0.9931913640000256,0.9632271363055511,0.9920941995254764
1.0434883653904967,0.9662205109760305,0.9372619558822061,1.0137116503967256,0.9867419823934606
1.167104727492469,1.0800645423277904,0.961554407882863,1.0431952608582,0.9733362228599032
1.1663605385440068,1.0393893647349288,0.9214225438641088,0.9793664231135298,0.9532341149404485
1.0021978407080516,0.8012166081027866,1.0305042795067347,1.0396510620839459,0.9880660226844868
0.9349570457602976,0.9985535146376306,0.9480829059596492,1.002026738462955,0.9585835207920271
1.2054224101440674,1.088103920357134,0.9940789354851401,1.0209714957330132,0.966642685754443
0.8363529681893513,1.0410899290616538,0.850724688629237,1.0454760166239818,0.9693066403786953
1.110459656602217,0.954814917256208,1.025984164743971,0.9598677957807243,0.9760001774841556
0.9491845754267253,1.0607907058723907,0.9598680190210326,0.970637553621247,0.9666412801142243
1.003849115972867,0.8826323778412286,1.0974893951478464,0.9401589266288949,0.9706479603521397
0.8197265406665761,0.9985446480015752,1.0649953320586134,1.0400552278679638,0.9907514739118131
0.8464678305225569,0.9958304466197897,0.9813435616335575,0.9943430234121254,0.9773629940606738
1.0538568181426102,1.0062283128542238,1.000536659384491,1.0088498016421121,0.9599248407654717
0.9813097364353085,0.9890769640346954,0.9260845461337609,1.0212272974916936,0.9720121825688769
1.1130372607072767,1.0821765284662699,1.0750805942993151,1.043831280087833,0.9787229993567554
0.8900784860594618,0.9274100228821494,0.9665385265739815,0.9637998633342206,0.9666384688337873
1.1238391924263218,0.9902790747226946,1.0311958360726472,0.9790256470404433,0.9492246234220958
0.9792273431191904,0.903070828377035,1.0167934254644757,0.9541248142540066,0.9679639147650322
1.000042420927707,0.8644754391758801,0.9672706314622657,0.9993136997598275,0.9880861136473422
0.9421782282396174,1.0953379548085276,0.9605900639731982,0.9641311793431814,0.9666412801142245
1.0479681493780624,0.9501053966274832,1.019142684075027,0.9708104664009385,0.9706694569552138
1.23169876490088,0.8097250878397827,0.9383690991331357,1.0061882833598064,0.9424894987507063
1.0100291178410514,1.1367585406184437,0.949298038217148,0.9546148765266554,0.9786870343517003
0.8884491229028973,1.1890919446980857,0.8872424562095574,0.9897927299496718,0.9800297599653633
0.889857475657853,0.9597302701848769,0.9906750846948571,1.0248735278899255,1.009549632503097
0.8868792026738155,0.9985570734310126,1.0753177325702439,1.009260312836248,0.9438350356448065
1.0522280462805969,1.0177380364550852,1.1348799823144926,0.9979718334397544,0.9746775428333477
1.0581263033963049,0.9110486930242703,1.031832097492916,0.956739844903328,0.9840752164887712
0.9353107400856501,1.0869474554823904,0.9921765801679664,0.9321836511632443,0.9719920916060214
0.9979899975893619,1.0256709730195837,0.9520087366090514,0.9921808637839771,0.9572407951783639
1.0498734866968693,1.2498768767089716,0.9150966101836047,0.9861177693270428,0.9760216740872294
0.9353075325136131,0.9894810056910287,1.0680252865539193,0.9834263221411966,0.958583520792027
0.9924391184031106,0.9726561543241694,0.9708285098712842,1.0344579940884875,0.9894087482981498
0.7604302277905794,0.8677436044475166,0.9987821064056898,0.9541283965993136,0.9572622917814378
0.9586121658776867,1.006135248760899,1.0545791283168742,0.9605512843041262,0.9518885780463482
1.1069126354700447,0.9591863190121406,0.9162767372509049,1.060377488721203,0.9331119160581384
0.8804147537818198,1.0642659148741596,0.9200884676922445,0.9784791529353021,0.9786856287114817
1.0989585374866664,0.9109477505017032,0.9975804109496978,0.9908396621519084,0.9585821151518084
0.9111454503524086,0.9502871416656801,0.8360696666181906,1.0260426923259254,0.966642685754443
1.1794265858359305,0.9903795967044023,0.992295650916014,0.9937633503195944,0.978724404996974
1.139899516333784,1.0496357825711935,0.9537417347006171,0.9770485156495736,0.9612502866967163
0.8411865309803364,0.9577250819180545,0.9645347638443991,1.0021429582337429,0.982735302155545
0.9176982541309753,0.9964807409877484,1.0339645824304846,1.005017249951414,0.9679639147650322
1.03596111488266,1.0518272502388586,0.9377558917935865,1.004947801513472,0.9853992567797973
0.9984616268935036,1.0509287987566645,1.002352308695136,0.973342419410911,0.9894087482981501
0.9406920043944776,0.9604831557003191,1.0443444042721948,0.9788180245239495,0.9746789484735663
0.9066403965398889,1.202487083389848,0.937886091476611,1.0124256552849082,0.9652985545005612
1.0618315644434444,0.996710036837523,1.0708040535660965,1.0389664884709329,0.9840565311661343
0.9494316660285159,0.9058827106609431,0.9770410155110597,1.0063893357140923,0.9907701592344499
0.7999621899469225,1.0374872848290289,0.9961764646269828,1.0031584234190214,0.9827353021555452
0.9997178723913484,0.880790048170768,1.0661071709175978,1.08544407833795,0.9894461189434237
0.9484135901018926,1.1430145114430175,1.0165848565190492,0.9922353360282089,0.9760417650500848
1.0485435698698877,0.7270887443070634,0.981927804747897,0.9765011950532222,0.9787071253145556
0.937182273105625,1.0635813567704044,1.058866626086994,1.000881416963556,0.9947997417156579
0.8897462465488764,1.0807276461723028,1.0353192883064135,0.9545828499440395,1.0082069068894337
0.9465679059459379,1.0881156747195098,1.055093885964725,0.9579686267163798,0.9853992567797973
1.0707645728077713,1.0510035042531458,0.9534524439950938,0.9904425740157302,0.9666225947915875
1.097163971832732,0.9203683152817076,1.018919824812063,1.020125660986598,0.9559167548873375
0.6521336381586563,0.958439590052468,0.9665846600727869,1.0641195280969697,0.9666225947915875
1.0139527627894676,0.9523287965477091,0.971834644849853,0.9792585081589574,0.9532341149404485
1.070265222513772,1.0941071775228608,1.066914868401671,1.0063166845910796,0.985417942102434
0.946165024591155,1.1324116151185892,1.0056414749397544,0.9860761797893619,0.9854207533828714
1.1526214776876198,0.9130691054319108,1.0269869077714173,1.0476075947052048,0.9666225947915873
1.002585615114766,1.0884823634020313,0.9839667824179236,1.040789570754354,0.9880847080071237
0.9441926827433231,1.0029699488942494,1.1130548915589336,0.9417189490706598,0.9854006624200159
0.8337330639471597,0.949723901146559,1.1016479090583358,1.0094837871680342,0.9679840057278875
0.843362674277723,0.996911754617267,0.9663845122721454,0.9641109625097846,0.9974837873027657
0.8270897512713402,1.0443125353350682,1.01095927624484,1.0074593969006476,0.9559382514904116
0.9519986651873811,1.048470078710938,0.9613726261840514,1.0159814546063235,0.9787057196743372
1.0596883123343184,0.9218946401528335,1.0627151487858375,0.996641915322078,0.9800657249704188
1.1182785406341051,0.9109848547677574,1.0367295034711268,0.9962579964799649,0.9679625091248137
0.888400365718168,1.0930120633782918,0.966843662884767,0.999535903765052,0.9719720006431661
0.9933255300378077,1.1442020926902103,1.0296019617546133,0.9755735486998395,0.9813710799388082
1.0519456130111056,0.9465279647649614,0.9562277859359078,1.0357319648412886,1.0041787300484444
1.0123077813866501,0.9690884802982626,0.9804734345287542,0.9872844243419914,0.9974651019801288
0.9747843925721695,1.0366698778814987,0.9250245090235117,0.9509947277899741,0.9787057196743372
0.9991229512537125,1.0004518761382897,1.0290307530849272,1.03193451418139,0.976001583124374
1.2610279668071305,0.9822028766898111,1.016105913148773,0.9734237350045803,0.99077015923445
0.9133938702510781,1.0776574641401846,0.9877903106806104,1.1198389030422737,0.9934369251391394
1.1116051061721004,0.8654273317924105,1.0338529581579101,1.1337060966819257,0.9626331942360903
0.9463259663375273,1.0443292124804213,0.9711557264308125,1.0796778885061526,0.9947983360754392
0.8460027706380941,1.0453612381356867,0.9731118528977003,0.9930546725871493,0.9720121825688769
1.11821895967375,1.0910641888605725,0.9627636334825684,0.960765430612262,0.9505444467924665
1.3357915574905759,1.0016481808970297,0.964377417253128,0.9730391119163448,0.9826951202298343
1.2358376980540058,0.9582046763480421,0.9376326722761752,0.9384529215006973,0.9625916066701609
0.9474423066633728,1.0009597243159065,1.1247959697156413,1.025246067602236,0.966621189151369
1.2200368548156222,0.8718769935772119,1.0653820237679121,1.0266659105660638,1.000150553207455
0.9923901201872305,0.9492439501666762,1.0392065694696853,0.9886167366416171,0.9626116976330166
1.051695337848975,0.910589784806753,1.0286326334938727,0.9986050242339338,0.9746789484735663
1.0038193575269319,0.9150468345642466,0.9669474363554669,1.0424637131850334,0.9625930123103795
1.049892049252128,0.99924416122613,1.069263558936537,1.0006238490248966,0.9881047989699792
1.1090573332153286,0.8676792896366913,0.9661828181581071,0.9681393746880533,0.9854193477426528
0.8857682459187277,0.946150398405396,1.029887619343518,1.0389123536975138,0.9800484452880004
0.8437586888509326,1.0209835967672471,0.9918502250534695,1.0288671746907148,0.9827152111926898
1.0008269992754382,1.0213855487479866,0.9372426502755453,1.010319861274292,0.9800498509282188
1.2402649213233037,1.0369059944455121,0.9774129153206959,1.0420962571161783,0.994817021398076
1.262224872137186,0.9898909224019483,0.9982466673198314,1.021780068763319,0.9853992567797973
0.8973390842718921,0.9683255662381152,0.9936088388128707,0.9968106975978633,0.9599248407654717
0.9447532193538021,1.0737732180636506,0.9282029717620908,1.082487345211608,0.99077015923445
0.9489067997471115,0.8799618809768504,1.0324408094665636,0.9731433233340795,0.9344733269944383
0.9443227693828978,0.918812153959165,0.9443268394804291,0.9297488563840562,0.9679625091248135
1.060462475739677,0.9999536411753376,1.1234664226318696,1.0203682227956352,0.9706680513149952
1.1742049526263678,1.0394419464908922,0.9732091249503464,0.9928083377725329,0.99077015923445
0.9980227866876119,1.3800681667078059,1.0589712529376516,1.0090415352472746,0.9492059380994591
1.0012000206268623,1.0395167410594937,0.8853656814883435,0.9584892044098108,0.9666412801142243
1.2630252709136855,1.0434000042698597,1.1265021168588627,0.942106682029624,0.9894274336207868
0.9778735946951519,0.9573281368032934,0.9768340295942814,1.014921111735527,0.970650771632577
1.0584759758461768,1.0009327193749094,0.882809148812479,1.0209004309221361,0.9894087482981501
0.8247484340164024,1.0449307744268193,1.0592029266315186,1.0511233725367823,0.9867606677160975
1.139533093981982,0.9445500503295806,1.1233197471650396,0.9861087930834597,1.0028360044347813
0.9443629109298349,0.996496960736811,0.9962208424964127,0.9675606912302351,0.9786870343517002
0.9925515652468486,0.853892247502505,1.0908802762801544,0.9729756990086601,0.9626116976330166
1.0174670646440078,0.8844238804204104,0.970010592605898,1.0036148564033054,0.9545983371571856
0.8380517429418225,1.1230472370711329,1.0647084930012793,1.0222354847551958,0.9867232970708237
1.0449876414055412,1.03698583913541,1.0622426367447106,1.0216471932837845,0.985400662420016
0.8896172551386563,0.9978976068773122,0.9098504893191716,0.9732469423451855,0.9854179421024343
0.886964251323112,1.041287857054924,0.9296045309648774,0.9292909992183451,0.9907514739118132
0.8989665777051901,0.9974368912940863,0.9873944012433971,0.9834750476047951,0.9786870343517003
0.9956039971358719,0.8833264801539226,1.1056176025433913,0.9829413677887879,0.9880847080071237
1.0039553574104905,0.8573892099222628,0.915914899548663,1.040960484481072,0.9827152111926897
0.9048606798139733,1.05088336605891,1.1064484349472976,0.9765918489100297,0.986762073356316
0.9925960864601586,1.0347743233699385,0.9732537602398322,0.9964476268374254,0.9840766221289897
0.7069025641881161,1.0493805194702266,1.0001357460757454,0.9891380362699541,0.9840565311661343
0.9812373790204838,0.9610261934266723,0.9413335058423665,0.9501888727192392,0.9652999601407798
0.9894313856039394,0.8998019146571908,0.9617183730329878,0.9711761804171077,0.9920941995254764
1.0567724986935259,0.8936109619518317,1.075569425944265,0.9927385178192341,0.9679639147650321
1.0526356412437434,1.0802879678879203,0.9041208544861213,1.0204576410745074,0.9639558288868981
1.0082066688967686,0.9071199425353168,0.9993030382872055,0.9857585415878455,0.9666412801142245
1.0014657157604516,0.8300720790186099,0.9905982485175393,0.994914709642952,0.9867419823934606
0.9022125300874546,1.0377356265716915,0.9252635875582753,0.9543882478818213,0.9693066403786952
1.0350935338482665,0.9668303481707479,1.2578703961859639,1.0253210845350447,0.9867433880336791
0.9263121426794498,0.7890466093147195,0.9235028072418953,1.0199463818246939,0.9854193477426528
1.0006941234200528,1.0403094831284616,0.969147658649503,1.0364981161902986,0.9519100746494221
1.106550497551585,1.13498711702993,0.9633136179652135,0.9755723909413198,0.9545567495912561
1.0060111798990792,1.036373954786869,0.9563897891094137,0.9978709993666335,0.9827152111926897
1.1309350030698855,1.1419546047462337,1.0807698528266756,0.9634271697126332,0.9720121825688769
0.9826351291336651,1.144519454987983,0.9721850426956832,0.9646306678940862,0.9988279185566472
1.0437028090345997,0.998388986344373,0.9704824218639542,0.944558747522638,0.9639572345271167
0.9980988854416676,0.8803528503370003,1.0335078234465127,0.9806707315535391,0.9760001774841556
1.0091705604627055,1.045377673298741,0.9722313742988832,1.0224452582298227,0.9559181605275562
1.1811384095668362,0.9549724353474704,1.0294061695187195,1.039417467478181,0.9706680513149952
0.8852333984488127,1.0376367166189926,0.9404149594291494,1.043547504547807,0.9559209718079933
1.004070986118213,1.027766881891936,0.9783976524334936,0.9649463066011111,0.9585849264322457
1.4266446873451026,1.0021004926779669,0.9970157459008719,0.9244350240816372,0.982713805552471
1.030489572475065,1.097988768586494,0.9595836886695565,1.0364227970452555,0.962613103273235
1.0035257460249487,0.9181800669220143,1.0341330770637231,1.038017083814532,0.982713805552471
0.9793137503455652,0.9087887270851032,0.9691313861749752,0.9882079494788543,1.0014932788211182
0.9393053666941491,1.0401210926247173,1.0757785164174742,0.9968997150275786,0.9867433880336791
0.8846889386147978,1.0470586904291044,1.0325405908821548,1.0655203503890665,0.9867419823934606
0.7848985301356208,0.9958514652253434,0.9165053628126268,1.0240141062910222,0.9880660226844868
1.1546198227676485,0.9539636302156815,0.9918462738017089,1.0173717570626446,0.9585849264322455
1.1697339552118757,0.9527331420264326,1.1250496833721495,0.9362353610596098,0.9921142904883317
1.006810095561248,0.9136289763353589,1.0415561616122877,1.0411738042822272,0.9947796507528025
0.9761347910047969,0.9977172274314225,1.0813942909372765,0.9597117404773039,0.9639572345271167
0.8465143512381964,0.994148291487291,1.0947273269459212,0.991343951608562,0.9907715648746686
1.1764103053820667,0.9455692847166999,1.0060271856363818,0.9451707563545503,0.9679639147650321
0.9448817548697812,1.0578199801004444,0.9738264910008854,0.9615622682177664,0.9800484452880002
0.8496262619022594,0.9473478683949433,1.0023048385529072,0.9495496809034396,0.9585849264322455
0.9000042222957879,0.9556024294153093,0.9659343132992787,1.0112256486384033,0.9800470396477817
1.00169711314128,1.1111357407262206,1.0901533502948841,0.9360056000127929,0.9867419823934606
0.9870486415809046,0.967909897044188,0.9634429178020678,0.9789640326530388,0.9599276520459087
0.7838025732456093,1.0081602937179648,1.0193814413787092,1.0608779751138717,0.9545567495912561
1.0889414936079904,1.0415645951296053,1.002072405525925,0.9996630096779933,0.9559153492471191
1.0558431970371553,1.0449010904362896,0.9935948010938002,0.9951812749789269,0.9840579368063529
1.0481946141136338,0.9955934817730139,1.022903861509969,0.9805996582884356,0.9746775428333478
0.9041852717598602,1.0998791179385432,1.0275638698448093,0.9299564591354222,0.9572594805010008
1.0184900328061723,1.008028165715056,0.9608728782432641,0.9921394444998998,0.9934369251391394
1.0107169248028918,1.0303278856657447,0.9229336047436639,0.9417246873624547,0.9652985545005612
0.7794716969768142,1.0433026618293415,0.9930453636805457,0.9245530908792156,0.9787057196743373
0.8935139111855505,0.9409700185892278,0.9782894323476239,0.9570219609406778,0.9733362228599032
0.8505549185365036,1.039436660945938,1.0269554658387336,1.0144885561173176,0.9961223763664655
1.028983874635936,1.0141391838481202,1.0215052708151673,1.0472388443249954,0.9706493659923584
